STDR_YYQU_CD,TRDAR_SE_CD,TRDAR_SE_CD_NM,TRDAR_CD,TRDAR_CD_NM,SVC_INDUTY_CD,SVC_INDUTY_CD_NM,SIMILR_INDUTY_STOR_CO,STOR_CO,FRC_STOR_CO,OPBIZ_RT,OPBIZ_STOR_CO,CLSBIZ_RT,CLSBIZ_STOR_CO
20261,A,골목상권,3110100,옥수동우편취급국,CS100001,한식음식점,2.0,1.0,1.0,0.0,0.0,0.0,0.0
20261,A,골목상권,3110100,옥수동우편취급국,CS100002,중식음식점,1.0,0.0,1.0,0.0,0.0,0.0,0.0
20261,A,골목상권,3110100,옥수동우편취급국,CS100003,일식음식점,1.0,1.0,0.0,0.0,0.0,0.0,0.0
20261,A,골목상권,3110100,옥수동우편취급국,CS100009,호프-간이주점,1.0,1.0,0.0,0.0,0.0,0.0,0.0
20261,A,골목상권,3110100,옥수동우편취급국,CS200001,일반교습학원,1.0,1.0,0.0,0.0,0.0,0.0,0.0
20261,A,골목상권,3110100,옥수동우편취급국,CS200002,외국어학원,1.0,1.0,0.0,0.0,0.0,0.0,0.0
20261,A,골목상권,3110100,옥수동우편취급국,CS200003,예술학원,3.0,3.0,0.0,0.0,0.0,0.0,0.0
20261,A,골목상권,3110100,옥수동우편취급국,CS200005,스포츠 강습,4.0,4.0,0.0,0.0,0.0,0.0,0.0
20261,A,골목상권,3110100,옥수동우편취급국,CS200006,일반의원,1.0,1.0,0.0,0.0,0.0,0.0,0.0
20261,A,골목상권,3110100,옥수동우편취급국,CS200008,한의원,1.0,1.0,0.0,0.0,0.0,0.0,0.0
20261,A,골목상권,3110100,옥수동우편취급국,CS200017,골프연습장,1.0,1.0,0.0,0.0,0.0,0.0,0.0
20261,A,골목상권,3110100,옥수동우편취급국,CS200024,스포츠클럽,1.0,1.0,0.0,0.0,0.0,0.0,0.0
20261,A,골목상권,3110100,옥수동우편취급국,CS200028,미용실,1.0,1.0,0.0,0.0,0.0,0.0,0.0
20261,A,골목상권,3110100,옥수동우편취급국,CS200029,네일숍,2.0,2.0,0.0,0.0,0.0,0.0,0.0
20261,A,골목상권,3110100,옥수동우편취급국,CS200030,피부관리실,3.0,3.0,0.0,33.0,1.0,0.0,0.0
20261,A,골목상권,3110100,옥수동우편취급국,CS200031,세탁소,1.0,1.0,0.0,0.0,0.0,0.0,0.0
20261,A,골목상권,3110100,옥수동우편취급국,CS200033,부동산중개업,5.0,5.0,0.0,0.0,0.0,20.0,1.0
20261,A,골목상권,3110100,옥수동우편취급국,CS300011,일반의류,2.0,2.0,0.0,0.0,0.0,0.0,0.0
20261,A,골목상권,3110100,옥수동우편취급국,CS300018,의약품,1.0,1.0,0.0,0.0,0.0,0.0,0.0
20261,A,골목상권,3110100,옥수동우편취급국,CS300021,문구,1.0,0.0,1.0,0.0,0.0,0.0,0.0
20261,A,골목상권,3110100,옥수동우편취급국,CS300024,운동/경기용품,1.0,1.0,0.0,0.0,0.0,100.0,1.0
20261,A,골목상권,3110100,옥수동우편취급국,CS300028,화초,1.0,1.0,0.0,0.0,0.0,0.0,0.0
20261,A,골목상권,3110101,옥정중학교,CS100001,한식음식점,4.0,4.0,0.0,0.0,0.0,0.0,0.0
20261,A,골목상권,3110101,옥정중학교,CS100002,중식음식점,1.0,1.0,0.0,0.0,0.0,0.0,0.0
20261,A,골목상권,3110101,옥정중학교,CS100004,양식음식점,1.0,1.0,0.0,0.0,0.0,0.0,0.0
20261,A,골목상권,3110101,옥정중학교,CS100007,치킨전문점,1.0,1.0,0.0,0.0,0.0,0.0,0.0
20261,A,골목상권,3110101,옥정중학교,CS100010,커피-음료,2.0,2.0,0.0,0.0,0.0,0.0,0.0
20261,A,골목상권,3110101,옥정중학교,CS200001,일반교습학원,5.0,5.0,0.0,0.0,0.0,0.0,0.0
20261,A,골목상권,3110101,옥정중학교,CS200002,외국어학원,2.0,2.0,0.0,0.0,0.0,0.0,0.0
20261,A,골목상권,3110101,옥정중학교,CS200003,예술학원,1.0,1.0,0.0,0.0,0.0,200.0,2.0
20261,A,골목상권,3110101,옥정중학교,CS200012,법무사사무소,3.0,3.0,0.0,0.0,0.0,0.0,0.0
20261,A,골목상권,3110101,옥정중학교,CS200024,스포츠클럽,4.0,4.0,0.0,0.0,0.0,0.0,0.0
20261,A,골목상권,3110101,옥정중학교,CS200025,자동차수리,1.0,1.0,0.0,0.0,0.0,0.0,0.0
20261,A,골목상권,3110101,옥정중학교,CS200026,자동차미용,1.0,1.0,0.0,0.0,0.0,0.0,0.0
20261,A,골목상권,3110101,옥정중학교,CS200028,미용실,1.0,1.0,0.0,0.0,0.0,0.0,0.0
20261,A,골목상권,3110101,옥정중학교,CS200030,피부관리실,2.0,2.0,0.0,0.0,0.0,0.0,0.0
20261,A,골목상권,3110101,옥정중학교,CS200031,세탁소,1.0,1.0,0.0,0.0,0.0,0.0,0.0
20261,A,골목상권,3110101,옥정중학교,CS200032,가전제품수리,1.0,1.0,0.0,0.0,0.0,0.0,0.0
20261,A,골목상권,3110101,옥정중학교,CS200033,부동산중개업,8.0,8.0,0.0,0.0,0.0,0.0,0.0
20261,A,골목상권,3110101,옥정중학교,CS300001,슈퍼마켓,2.0,1.0,1.0,0.0,0.0,0.0,0.0
20261,A,골목상권,3110101,옥정중학교,CS300003,컴퓨터및주변장치판매,1.0,1.0,0.0,0.0,0.0,0.0,0.0
20261,A,골목상권,3110101,옥정중학교,CS300010,반찬가게,1.0,1.0,0.0,0.0,0.0,0.0,0.0
20261,A,골목상권,3110101,옥정중학교,CS300011,일반의류,5.0,5.0,0.0,0.0,0.0,0.0,0.0
20261,A,골목상권,3110101,옥정중학교,CS300020,서적,1.0,1.0,0.0,0.0,0.0,0.0,0.0
20261,A,골목상권,3110101,옥정중학교,CS300022,화장품,1.0,1.0,0.0,0.0,0.0,0.0,0.0
20261,A,골목상권,3110101,옥정중학교,CS300028,화초,2.0,2.0,0.0,0.0,0.0,0.0,0.0
20261,A,골목상권,3110101,옥정중학교,CS300038,자동차부품,1.0,1.0,0.0,0.0,0.0,0.0,0.0
20261,A,골목상권,3110101,옥정중학교,CS300042,주유소,1.0,1.0,0.0,0.0,0.0,0.0,0.0
20261,A,골목상권,3110101,옥정중학교,CS300043,전자상거래업,2.0,2.0,0.0,0.0,0.0,100.0,2.0
20261,A,골목상권,3110102,옥수역 6번,CS100001,한식음식점,18.0,15.0,3.0,0.0,0.0,11.0,2.0
20261,A,골목상권,3110102,옥수역 6번,CS100002,중식음식점,3.0,3.0,0.0,0.0,0.0,0.0,0.0
20261,A,골목상권,3110102,옥수역 6번,CS100003,일식음식점,2.0,2.0,0.0,0.0,0.0,0.0,0.0
20261,A,골목상권,3110102,옥수역 6번,CS100004,양식음식점,2.0,2.0,0.0,0.0,0.0,0.0,0.0
20261,A,골목상권,3110102,옥수역 6번,CS100005,제과점,5.0,1.0,4.0,0.0,0.0,0.0,0.0
20261,A,골목상권,3110102,옥수역 6번,CS100006,패스트푸드점,4.0,4.0,0.0,0.0,0.0,0.0,0.0
20261,A,골목상권,3110102,옥수역 6번,CS100007,치킨전문점,3.0,0.0,3.0,0.0,0.0,0.0,0.0
20261,A,골목상권,3110102,옥수역 6번,CS100008,분식전문점,10.0,6.0,4.0,0.0,0.0,0.0,0.0
20261,A,골목상권,3110102,옥수역 6번,CS100009,호프-간이주점,4.0,3.0,1.0,25.0,1.0,25.0,1.0
20261,A,골목상권,3110102,옥수역 6번,CS100010,커피-음료,7.0,6.0,1.0,0.0,0.0,0.0,0.0
20261,A,골목상권,3110102,옥수역 6번,CS200001,일반교습학원,5.0,5.0,0.0,0.0,0.0,0.0,0.0
20261,A,골목상권,3110102,옥수역 6번,CS200003,예술학원,7.0,7.0,0.0,0.0,0.0,0.0,0.0
20261,A,골목상권,3110102,옥수역 6번,CS200005,스포츠 강습,9.0,9.0,0.0,0.0,0.0,11.0,1.0
20261,A,골목상권,3110102,옥수역 6번,CS200006,일반의원,1.0,1.0,0.0,0.0,0.0,0.0,0.0
20261,A,골목상권,3110102,옥수역 6번,CS200007,치과의원,1.0,1.0,0.0,0.0,0.0,0.0,0.0
20261,A,골목상권,3110102,옥수역 6번,CS200008,한의원,2.0,2.0,0.0,0.0,0.0,0.0,0.0
20261,A,골목상권,3110102,옥수역 6번,CS200010,변호사사무소,2.0,2.0,0.0,0.0,0.0,0.0,0.0
20261,A,골목상권,3110102,옥수역 6번,CS200012,법무사사무소,1.0,1.0,0.0,0.0,0.0,0.0,0.0
20261,A,골목상권,3110102,옥수역 6번,CS200016,당구장,3.0,3.0,0.0,0.0,0.0,0.0,0.0
20261,A,골목상권,3110102,옥수역 6번,CS200017,골프연습장,1.0,1.0,0.0,0.0,0.0,0.0,0.0
20261,A,골목상권,3110102,옥수역 6번,CS200024,스포츠클럽,1.0,1.0,0.0,0.0,0.0,0.0,0.0
20261,A,골목상권,3110102,옥수역 6번,CS200025,자동차수리,1.0,0.0,1.0,0.0,0.0,0.0,0.0
20261,A,골목상권,3110102,옥수역 6번,CS200026,자동차미용,1.0,1.0,0.0,0.0,0.0,0.0,0.0
20261,A,골목상권,3110102,옥수역 6번,CS200028,미용실,10.0,7.0,3.0,10.0,1.0,10.0,1.0
20261,A,골목상권,3110102,옥수역 6번,CS200029,네일숍,2.0,2.0,0.0,0.0,0.0,0.0,0.0
20261,A,골목상권,3110102,옥수역 6번,CS200030,피부관리실,3.0,3.0,0.0,0.0,0.0,0.0,0.0
20261,A,골목상권,3110102,옥수역 6번,CS200032,가전제품수리,2.0,2.0,0.0,50.0,1.0,0.0,0.0
20261,A,골목상권,3110102,옥수역 6번,CS200033,부동산중개업,10.0,10.0,0.0,0.0,0.0,0.0,0.0
20261,A,골목상권,3110102,옥수역 6번,CS200037,노래방,2.0,2.0,0.0,0.0,0.0,0.0,0.0
20261,A,골목상권,3110102,옥수역 6번,CS200038,독서실,1.0,0.0,1.0,0.0,0.0,0.0,0.0
20261,A,골목상권,3110102,옥수역 6번,CS200040,녹음실,1.0,1.0,0.0,0.0,0.0,0.0,0.0
20261,A,골목상권,3110102,옥수역 6번,CS200041,사진관,3.0,3.0,0.0,0.0,0.0,0.0,0.0
20261,A,골목상권,3110102,옥수역 6번,CS200042,통번역서비스,2.0,2.0,0.0,0.0,0.0,0.0,0.0
20261,A,골목상권,3110102,옥수역 6번,CS200043,건축물청소,1.0,1.0,0.0,0.0,0.0,0.0,0.0
20261,A,골목상권,3110102,옥수역 6번,CS300001,슈퍼마켓,1.0,0.0,1.0,0.0,0.0,0.0,0.0
20261,A,골목상권,3110102,옥수역 6번,CS300002,편의점,4.0,1.0,3.0,0.0,0.0,0.0,0.0
20261,A,골목상권,3110102,옥수역 6번,CS300003,컴퓨터및주변장치판매,1.0,1.0,0.0,0.0,0.0,0.0,0.0
20261,A,골목상권,3110102,옥수역 6번,CS300004,핸드폰,1.0,1.0,0.0,0.0,0.0,0.0,0.0
20261,A,골목상권,3110102,옥수역 6번,CS300005,주류도매,2.0,2.0,0.0,0.0,0.0,0.0,0.0
20261,A,골목상권,3110102,옥수역 6번,CS300007,육류판매,2.0,2.0,0.0,0.0,0.0,0.0,0.0
20261,A,골목상권,3110102,옥수역 6번,CS300009,청과상,1.0,1.0,0.0,0.0,0.0,0.0,0.0
20261,A,골목상권,3110102,옥수역 6번,CS300010,반찬가게,2.0,2.0,0.0,0.0,0.0,0.0,0.0
20261,A,골목상권,3110102,옥수역 6번,CS300011,일반의류,10.0,10.0,0.0,0.0,0.0,0.0,0.0
20261,A,골목상권,3110102,옥수역 6번,CS300014,신발,1.0,1.0,0.0,0.0,0.0,0.0,0.0
20261,A,골목상권,3110102,옥수역 6번,CS300017,시계및귀금속,1.0,1.0,0.0,0.0,0.0,0.0,0.0
20261,A,골목상권,3110102,옥수역 6번,CS300018,의약품,1.0,0.0,1.0,0.0,0.0,0.0,0.0
20261,A,골목상권,3110102,옥수역 6번,CS300020,서적,6.0,6.0,0.0,33.0,2.0,17.0,1.0
20261,A,골목상권,3110102,옥수역 6번,CS300022,화장품,2.0,2.0,0.0,0.0,0.0,0.0,0.0
20261,A,골목상권,3110102,옥수역 6번,CS300028,화초,2.0,2.0,0.0,0.0,0.0,0.0,0.0
20261,A,골목상권,3110102,옥수역 6번,CS300029,애완동물,1.0,1.0,0.0,0.0,0.0,0.0,0.0
20261,A,골목상권,3110102,옥수역 6번,CS300035,인테리어,1.0,1.0,0.0,0.0,0.0,0.0,0.0
20261,A,골목상권,3110102,옥수역 6번,CS300036,조명용품,1.0,1.0,0.0,0.0,0.0,0.0,0.0
20261,A,골목상권,3110102,옥수역 6번,CS300038,자동차부품,1.0,1.0,0.0,0.0,0.0,0.0,0.0
20261,A,골목상권,3110102,옥수역 6번,CS300043,전자상거래업,1.0,1.0,0.0,0.0,0.0,0.0,0.0
20261,A,골목상권,3110103,옥수터널,CS100001,한식음식점,1.0,1.0,0.0,0.0,0.0,0.0,0.0
20261,A,골목상권,3110103,옥수터널,CS100003,일식음식점,1.0,1.0,0.0,0.0,0.0,0.0,0.0
20261,A,골목상권,3110103,옥수터널,CS100006,패스트푸드점,2.0,1.0,1.0,0.0,0.0,0.0,0.0
20261,A,골목상권,3110103,옥수터널,CS100010,커피-음료,1.0,0.0,1.0,0.0,0.0,0.0,0.0
20261,A,골목상권,3110103,옥수터널,CS200001,일반교습학원,2.0,2.0,0.0,0.0,0.0,0.0,0.0
20261,A,골목상권,3110103,옥수터널,CS200003,예술학원,3.0,2.0,1.0,0.0,0.0,0.0,0.0
20261,A,골목상권,3110103,옥수터널,CS200005,스포츠 강습,2.0,2.0,0.0,0.0,0.0,0.0,0.0
20261,A,골목상권,3110103,옥수터널,CS200010,변호사사무소,1.0,1.0,0.0,0.0,0.0,0.0,0.0
20261,A,골목상권,3110103,옥수터널,CS200028,미용실,3.0,2.0,1.0,0.0,0.0,0.0,0.0
20261,A,골목상권,3110103,옥수터널,CS200030,피부관리실,1.0,1.0,0.0,0.0,0.0,0.0,0.0
20261,A,골목상권,3110103,옥수터널,CS200031,세탁소,1.0,1.0,0.0,0.0,0.0,0.0,0.0
20261,A,골목상권,3110103,옥수터널,CS200033,부동산중개업,10.0,10.0,0.0,0.0,0.0,0.0,0.0
20261,A,골목상권,3110103,옥수터널,CS200043,건축물청소,1.0,1.0,0.0,0.0,0.0,0.0,0.0
20261,A,골목상권,3110103,옥수터널,CS300010,반찬가게,1.0,1.0,0.0,0.0,0.0,0.0,0.0
20261,A,골목상권,3110103,옥수터널,CS300011,일반의류,1.0,1.0,0.0,0.0,0.0,0.0,0.0
20261,A,골목상권,3110103,옥수터널,CS300028,화초,2.0,2.0,0.0,0.0,0.0,0.0,0.0
20261,A,골목상권,3110103,옥수터널,CS300029,애완동물,1.0,1.0,0.0,0.0,0.0,0.0,0.0
20261,A,골목상권,3110103,옥수터널,CS300035,인테리어,1.0,1.0,0.0,0.0,0.0,0.0,0.0
20261,A,골목상권,3110103,옥수터널,CS300041,예술품,1.0,1.0,0.0,0.0,0.0,0.0,0.0
20261,A,골목상권,3110103,옥수터널,CS300043,전자상거래업,5.0,5.0,0.0,0.0,0.0,0.0,0.0
20261,A,골목상권,3110104,신금호역 4번,CS100001,한식음식점,7.0,7.0,0.0,0.0,0.0,0.0,0.0
20261,A,골목상권,3110104,신금호역 4번,CS100004,양식음식점,2.0,1.0,1.0,0.0,0.0,0.0,0.0
20261,A,골목상권,3110104,신금호역 4번,CS100005,제과점,1.0,1.0,0.0,0.0,0.0,0.0,0.0
20261,A,골목상권,3110104,신금호역 4번,CS100007,치킨전문점,1.0,0.0,1.0,0.0,0.0,0.0,0.0
20261,A,골목상권,3110104,신금호역 4번,CS100008,분식전문점,3.0,3.0,0.0,0.0,0.0,0.0,0.0
20261,A,골목상권,3110104,신금호역 4번,CS100009,호프-간이주점,3.0,3.0,0.0,0.0,0.0,0.0,0.0
20261,A,골목상권,3110104,신금호역 4번,CS100010,커피-음료,1.0,1.0,0.0,0.0,0.0,0.0,0.0
20261,A,골목상권,3110104,신금호역 4번,CS200001,일반교습학원,9.0,8.0,1.0,0.0,0.0,0.0,0.0
20261,A,골목상권,3110104,신금호역 4번,CS200002,외국어학원,1.0,1.0,0.0,0.0,0.0,0.0,0.0
20261,A,골목상권,3110104,신금호역 4번,CS200003,예술학원,10.0,10.0,0.0,0.0,0.0,10.0,1.0
20261,A,골목상권,3110104,신금호역 4번,CS200005,스포츠 강습,3.0,3.0,0.0,0.0,0.0,0.0,0.0
20261,A,골목상권,3110104,신금호역 4번,CS200006,일반의원,1.0,1.0,0.0,0.0,0.0,0.0,0.0
20261,A,골목상권,3110104,신금호역 4번,CS200008,한의원,1.0,1.0,0.0,0.0,0.0,0.0,0.0
20261,A,골목상권,3110104,신금호역 4번,CS200024,스포츠클럽,1.0,1.0,0.0,0.0,0.0,0.0,0.0
20261,A,골목상권,3110104,신금호역 4번,CS200026,자동차미용,1.0,0.0,1.0,0.0,0.0,0.0,0.0
20261,A,골목상권,3110104,신금호역 4번,CS200028,미용실,8.0,8.0,0.0,13.0,1.0,0.0,0.0
20261,A,골목상권,3110104,신금호역 4번,CS200029,네일숍,1.0,1.0,0.0,0.0,0.0,0.0,0.0
20261,A,골목상권,3110104,신금호역 4번,CS200031,세탁소,1.0,1.0,0.0,0.0,0.0,0.0,0.0
20261,A,골목상권,3110104,신금호역 4번,CS200033,부동산중개업,2.0,2.0,0.0,0.0,0.0,0.0,0.0
20261,A,골목상권,3110104,신금호역 4번,CS200041,사진관,2.0,2.0,0.0,0.0,0.0,0.0,0.0
20261,A,골목상권,3110104,신금호역 4번,CS200043,건축물청소,3.0,3.0,0.0,0.0,0.0,0.0,0.0
20261,A,골목상권,3110104,신금호역 4번,CS300001,슈퍼마켓,4.0,2.0,2.0,0.0,0.0,0.0,0.0
20261,A,골목상권,3110104,신금호역 4번,CS300003,컴퓨터및주변장치판매,1.0,1.0,0.0,0.0,0.0,0.0,0.0
20261,A,골목상권,3110104,신금호역 4번,CS300006,미곡판매,2.0,2.0,0.0,0.0,0.0,0.0,0.0
20261,A,골목상권,3110104,신금호역 4번,CS300009,청과상,2.0,2.0,0.0,0.0,0.0,0.0,0.0
20261,A,골목상권,3110104,신금호역 4번,CS300010,반찬가게,1.0,1.0,0.0,0.0,0.0,0.0,0.0
20261,A,골목상권,3110104,신금호역 4번,CS300011,일반의류,3.0,3.0,0.0,0.0,0.0,0.0,0.0
20261,A,골목상권,3110104,신금호역 4번,CS300021,문구,1.0,1.0,0.0,0.0,0.0,0.0,0.0
20261,A,골목상권,3110104,신금호역 4번,CS300027,섬유제품,2.0,2.0,0.0,0.0,0.0,50.0,1.0
20261,A,골목상권,3110104,신금호역 4번,CS300028,화초,4.0,4.0,0.0,0.0,0.0,0.0,0.0
20261,A,골목상권,3110104,신금호역 4번,CS300033,철물점,1.0,1.0,0.0,0.0,0.0,0.0,0.0
20261,A,골목상권,3110104,신금호역 4번,CS300036,조명용품,1.0,1.0,0.0,0.0,0.0,0.0,0.0
20261,A,골목상권,3110104,신금호역 4번,CS300043,전자상거래업,7.0,7.0,0.0,0.0,0.0,0.0,0.0
20261,A,골목상권,3110105,금동어린이공원,CS100001,한식음식점,13.0,12.0,1.0,0.0,0.0,8.0,1.0
20261,A,골목상권,3110105,금동어린이공원,CS100002,중식음식점,1.0,1.0,0.0,0.0,0.0,0.0,0.0
20261,A,골목상권,3110105,금동어린이공원,CS100003,일식음식점,1.0,1.0,0.0,0.0,0.0,0.0,0.0
20261,A,골목상권,3110105,금동어린이공원,CS100004,양식음식점,4.0,4.0,0.0,0.0,0.0,0.0,0.0
20261,A,골목상권,3110105,금동어린이공원,CS100005,제과점,1.0,1.0,0.0,0.0,0.0,100.0,1.0
20261,A,골목상권,3110105,금동어린이공원,CS100006,패스트푸드점,1.0,1.0,0.0,0.0,0.0,0.0,0.0
20261,A,골목상권,3110105,금동어린이공원,CS100007,치킨전문점,3.0,1.0,2.0,0.0,0.0,0.0,0.0
20261,A,골목상권,3110105,금동어린이공원,CS100008,분식전문점,3.0,2.0,1.0,0.0,0.0,33.0,1.0
20261,A,골목상권,3110105,금동어린이공원,CS100009,호프-간이주점,3.0,3.0,0.0,0.0,0.0,0.0,0.0
20261,A,골목상권,3110105,금동어린이공원,CS100010,커피-음료,9.0,5.0,4.0,22.0,2.0,11.0,1.0
20261,A,골목상권,3110105,금동어린이공원,CS200001,일반교습학원,2.0,2.0,0.0,0.0,0.0,0.0,0.0
20261,A,골목상권,3110105,금동어린이공원,CS200028,미용실,9.0,9.0,0.0,0.0,0.0,0.0,0.0
20261,A,골목상권,3110105,금동어린이공원,CS200029,네일숍,2.0,2.0,0.0,0.0,0.0,0.0,0.0
20261,A,골목상권,3110105,금동어린이공원,CS200030,피부관리실,2.0,2.0,0.0,0.0,0.0,0.0,0.0
20261,A,골목상권,3110105,금동어린이공원,CS200031,세탁소,1.0,1.0,0.0,0.0,0.0,0.0,0.0
20261,A,골목상권,3110105,금동어린이공원,CS200033,부동산중개업,12.0,12.0,0.0,0.0,0.0,0.0,0.0
20261,A,골목상권,3110105,금동어린이공원,CS200034,여관,5.0,5.0,0.0,0.0,0.0,0.0,0.0
20261,A,골목상권,3110105,금동어린이공원,CS200043,건축물청소,2.0,2.0,0.0,0.0,0.0,0.0,0.0
20261,A,골목상권,3110105,금동어린이공원,CS300001,슈퍼마켓,3.0,3.0,0.0,33.0,1.0,0.0,0.0
20261,A,골목상권,3110105,금동어린이공원,CS300002,편의점,2.0,1.0,1.0,0.0,0.0,0.0,0.0
20261,A,골목상권,3110105,금동어린이공원,CS300004,핸드폰,1.0,1.0,0.0,0.0,0.0,0.0,0.0
20261,A,골목상권,3110105,금동어린이공원,CS300008,수산물판매,1.0,1.0,0.0,0.0,0.0,0.0,0.0
20261,A,골목상권,3110105,금동어린이공원,CS300009,청과상,1.0,1.0,0.0,0.0,0.0,0.0,0.0
20261,A,골목상권,3110105,금동어린이공원,CS300010,반찬가게,3.0,3.0,0.0,0.0,0.0,0.0,0.0
20261,A,골목상권,3110105,금동어린이공원,CS300011,일반의류,12.0,12.0,0.0,0.0,0.0,0.0,0.0
20261,A,골목상권,3110105,금동어린이공원,CS300012,한복점,1.0,1.0,0.0,0.0,0.0,0.0,0.0
20261,A,골목상권,3110105,금동어린이공원,CS300015,가방,2.0,2.0,0.0,0.0,0.0,0.0,0.0
20261,A,골목상권,3110105,금동어린이공원,CS300017,시계및귀금속,2.0,2.0,0.0,0.0,0.0,0.0,0.0
20261,A,골목상권,3110105,금동어린이공원,CS300022,화장품,3.0,3.0,0.0,0.0,0.0,0.0,0.0
20261,A,골목상권,3110105,금동어린이공원,CS300024,운동/경기용품,1.0,1.0,0.0,0.0,0.0,0.0,0.0
20261,A,골목상권,3110105,금동어린이공원,CS300025,자전거 및 기타운송장비,1.0,1.0,0.0,0.0,0.0,0.0,0.0
20261,A,골목상권,3110105,금동어린이공원,CS300028,화초,2.0,2.0,0.0,0.0,0.0,0.0,0.0
20261,A,골목상권,3110105,금동어린이공원,CS300032,가전제품,1.0,1.0,0.0,0.0,0.0,0.0,0.0
20261,A,골목상권,3110105,금동어린이공원,CS300033,철물점,2.0,2.0,0.0,0.0,0.0,0.0,0.0
20261,A,골목상권,3110105,금동어린이공원,CS300035,인테리어,2.0,2.0,0.0,0.0,0.0,0.0,0.0
20261,A,골목상권,3110105,금동어린이공원,CS300036,조명용품,2.0,2.0,0.0,0.0,0.0,0.0,0.0
20261,A,골목상권,3110105,금동어린이공원,CS300043,전자상거래업,4.0,4.0,0.0,0.0,0.0,0.0,0.0
20261,A,골목상권,3110106,금북초등학교,CS100001,한식음식점,6.0,4.0,2.0,0.0,0.0,0.0,0.0
20261,A,골목상권,3110106,금북초등학교,CS100005,제과점,2.0,2.0,0.0,0.0,0.0,0.0,0.0
20261,A,골목상권,3110106,금북초등학교,CS100006,패스트푸드점,1.0,0.0,1.0,0.0,0.0,0.0,0.0
20261,A,골목상권,3110106,금북초등학교,CS100007,치킨전문점,1.0,1.0,0.0,0.0,0.0,0.0,0.0
20261,A,골목상권,3110106,금북초등학교,CS100008,분식전문점,1.0,1.0,0.0,0.0,0.0,100.0,1.0
20261,A,골목상권,3110106,금북초등학교,CS100010,커피-음료,2.0,1.0,1.0,0.0,0.0,0.0,0.0
20261,A,골목상권,3110106,금북초등학교,CS200001,일반교습학원,7.0,5.0,2.0,14.0,1.0,0.0,0.0
20261,A,골목상권,3110106,금북초등학교,CS200002,외국어학원,1.0,1.0,0.0,100.0,1.0,0.0,0.0
20261,A,골목상권,3110106,금북초등학교,CS200003,예술학원,3.0,3.0,0.0,0.0,0.0,0.0,0.0
20261,A,골목상권,3110106,금북초등학교,CS200005,스포츠 강습,1.0,1.0,0.0,0.0,0.0,0.0,0.0
20261,A,골목상권,3110106,금북초등학교,CS200024,스포츠클럽,1.0,1.0,0.0,0.0,0.0,0.0,0.0
20261,A,골목상권,3110106,금북초등학교,CS200028,미용실,4.0,4.0,0.0,0.0,0.0,0.0,0.0
20261,A,골목상권,3110106,금북초등학교,CS200031,세탁소,1.0,1.0,0.0,0.0,0.0,0.0,0.0
20261,A,골목상권,3110106,금북초등학교,CS200033,부동산중개업,1.0,1.0,0.0,0.0,0.0,0.0,0.0
20261,A,골목상권,3110106,금북초등학교,CS300001,슈퍼마켓,2.0,2.0,0.0,0.0,0.0,0.0,0.0
20261,A,골목상권,3110106,금북초등학교,CS300002,편의점,1.0,0.0,1.0,0.0,0.0,0.0,0.0
20261,A,골목상권,3110106,금북초등학교,CS300009,청과상,1.0,1.0,0.0,0.0,0.0,0.0,0.0
20261,A,골목상권,3110106,금북초등학교,CS300010,반찬가게,1.0,1.0,0.0,0.0,0.0,0.0,0.0
20261,A,골목상권,3110106,금북초등학교,CS300022,화장품,1.0,1.0,0.0,0.0,0.0,0.0,0.0
20261,A,골목상권,3110106,금북초등학교,CS300028,화초,1.0,1.0,0.0,0.0,0.0,0.0,0.0
20261,A,골목상권,3110106,금북초등학교,CS300033,철물점,1.0,1.0,0.0,0.0,0.0,0.0,0.0
20261,A,골목상권,3110106,금북초등학교,CS300036,조명용품,1.0,1.0,0.0,0.0,0.0,0.0,0.0
20261,A,골목상권,3110106,금북초등학교,CS300038,자동차부품,1.0,1.0,0.0,0.0,0.0,0.0,0.0
20261,A,골목상권,3110107,금호사거리,CS100001,한식음식점,13.0,10.0,3.0,0.0,0.0,0.0,0.0
20261,A,골목상권,3110107,금호사거리,CS100002,중식음식점,1.0,1.0,0.0,0.0,0.0,0.0,0.0
20261,A,골목상권,3110107,금호사거리,CS100004,양식음식점,1.0,1.0,0.0,0.0,0.0,0.0,0.0
20261,A,골목상권,3110107,금호사거리,CS100006,패스트푸드점,0.0,0.0,0.0,0.0,0.0,0.0,1.0
20261,A,골목상권,3110107,금호사거리,CS100007,치킨전문점,1.0,0.0,1.0,0.0,0.0,0.0,0.0
20261,A,골목상권,3110107,금호사거리,CS100008,분식전문점,4.0,3.0,1.0,0.0,0.0,0.0,0.0
20261,A,골목상권,3110107,금호사거리,CS100009,호프-간이주점,3.0,3.0,0.0,0.0,0.0,0.0,0.0
20261,A,골목상권,3110107,금호사거리,CS100010,커피-음료,4.0,4.0,0.0,25.0,1.0,50.0,2.0
20261,A,골목상권,3110107,금호사거리,CS200001,일반교습학원,3.0,3.0,0.0,0.0,0.0,0.0,0.0
20261,A,골목상권,3110107,금호사거리,CS200008,한의원,2.0,2.0,0.0,0.0,0.0,0.0,0.0
20261,A,골목상권,3110107,금호사거리,CS200022,복권방,1.0,1.0,0.0,0.0,0.0,0.0,0.0
20261,A,골목상권,3110107,금호사거리,CS200025,자동차수리,2.0,2.0,0.0,0.0,0.0,0.0,0.0
20261,A,골목상권,3110107,금호사거리,CS200026,자동차미용,1.0,1.0,0.0,0.0,0.0,0.0,0.0
20261,A,골목상권,3110107,금호사거리,CS200027,모터사이클수리,1.0,1.0,0.0,0.0,0.0,0.0,0.0
20261,A,골목상권,3110107,금호사거리,CS200028,미용실,3.0,3.0,0.0,0.0,0.0,0.0,0.0
20261,A,골목상권,3110107,금호사거리,CS200033,부동산중개업,1.0,1.0,0.0,0.0,0.0,0.0,0.0
20261,A,골목상권,3110107,금호사거리,CS200037,노래방,1.0,1.0,0.0,0.0,0.0,0.0,0.0
20261,A,골목상권,3110107,금호사거리,CS300011,일반의류,4.0,4.0,0.0,0.0,0.0,0.0,0.0
20261,A,골목상권,3110107,금호사거리,CS300013,유아의류,2.0,2.0,0.0,0.0,0.0,0.0,0.0
20261,A,골목상권,3110107,금호사거리,CS300017,시계및귀금속,1.0,1.0,0.0,0.0,0.0,0.0,0.0
20261,A,골목상권,3110107,금호사거리,CS300025,자전거 및 기타운송장비,2.0,2.0,0.0,0.0,0.0,0.0,0.0
20261,A,골목상권,3110107,금호사거리,CS300031,가구,1.0,1.0,0.0,0.0,0.0,0.0,0.0
20261,A,골목상권,3110107,금호사거리,CS300038,자동차부품,1.0,1.0,0.0,0.0,0.0,0.0,0.0
20261,A,골목상권,3110107,금호사거리,CS300039,모터사이클및부품,1.0,1.0,0.0,0.0,0.0,0.0,0.0
20261,A,골목상권,3110107,금호사거리,CS300042,주유소,1.0,1.0,0.0,0.0,0.0,0.0,0.0
20261,A,골목상권,3110108,성동구립금호도서관,CS100001,한식음식점,3.0,2.0,1.0,0.0,0.0,0.0,0.0
20261,A,골목상권,3110108,성동구립금호도서관,CS100006,패스트푸드점,1.0,0.0,1.0,0.0,0.0,0.0,0.0
20261,A,골목상권,3110108,성동구립금호도서관,CS100007,치킨전문점,1.0,1.0,0.0,0.0,0.0,0.0,0.0
20261,A,골목상권,3110108,성동구립금호도서관,CS100009,호프-간이주점,1.0,1.0,0.0,0.0,0.0,0.0,0.0
20261,A,골목상권,3110108,성동구립금호도서관,CS200001,일반교습학원,1.0,1.0,0.0,0.0,0.0,0.0,0.0
20261,A,골목상권,3110108,성동구립금호도서관,CS200005,스포츠 강습,1.0,1.0,0.0,0.0,0.0,100.0,1.0
20261,A,골목상권,3110108,성동구립금호도서관,CS200006,일반의원,2.0,2.0,0.0,0.0,0.0,0.0,0.0
20261,A,골목상권,3110108,성동구립금호도서관,CS200007,치과의원,1.0,1.0,0.0,0.0,0.0,0.0,0.0
20261,A,골목상권,3110108,성동구립금호도서관,CS200017,골프연습장,1.0,1.0,0.0,0.0,0.0,0.0,0.0
20261,A,골목상권,3110108,성동구립금호도서관,CS200028,미용실,2.0,2.0,0.0,0.0,0.0,0.0,0.0
20261,A,골목상권,3110108,성동구립금호도서관,CS200033,부동산중개업,1.0,1.0,0.0,0.0,0.0,0.0,0.0
20261,A,골목상권,3110108,성동구립금호도서관,CS200045,비디오/서적임대,1.0,1.0,0.0,0.0,0.0,0.0,0.0
20261,A,골목상권,3110108,성동구립금호도서관,CS300001,슈퍼마켓,2.0,2.0,0.0,0.0,0.0,0.0,0.0
20261,A,골목상권,3110108,성동구립금호도서관,CS300002,편의점,2.0,2.0,0.0,0.0,0.0,0.0,0.0
20261,A,골목상권,3110108,성동구립금호도서관,CS300007,육류판매,1.0,1.0,0.0,0.0,0.0,0.0,0.0
20261,A,골목상권,3110108,성동구립금호도서관,CS300018,의약품,1.0,0.0,1.0,0.0,0.0,0.0,0.0
20261,A,골목상권,3110108,성동구립금호도서관,CS300019,의료기기,1.0,1.0,0.0,0.0,0.0,0.0,0.0
20261,A,골목상권,3110108,성동구립금호도서관,CS300022,화장품,1.0,1.0,0.0,0.0,0.0,0.0,0.0
20261,A,골목상권,3110108,성동구립금호도서관,CS300027,섬유제품,1.0,1.0,0.0,0.0,0.0,0.0,0.0
20261,A,골목상권,3110108,성동구립금호도서관,CS300029,애완동물,1.0,1.0,0.0,0.0,0.0,0.0,0.0
20261,A,골목상권,3110109,금호삼성래미안아파트,CS100001,한식음식점,10.0,9.0,1.0,0.0,0.0,0.0,0.0
20261,A,골목상권,3110109,금호삼성래미안아파트,CS100002,중식음식점,1.0,1.0,0.0,0.0,0.0,0.0,0.0
20261,A,골목상권,3110109,금호삼성래미안아파트,CS100004,양식음식점,6.0,6.0,0.0,0.0,0.0,0.0,0.0
20261,A,골목상권,3110109,금호삼성래미안아파트,CS100005,제과점,1.0,1.0,0.0,0.0,0.0,0.0,0.0
20261,A,골목상권,3110109,금호삼성래미안아파트,CS100006,패스트푸드점,3.0,1.0,2.0,0.0,0.0,0.0,0.0
20261,A,골목상권,3110109,금호삼성래미안아파트,CS100007,치킨전문점,2.0,1.0,1.0,0.0,0.0,0.0,0.0
20261,A,골목상권,3110109,금호삼성래미안아파트,CS100008,분식전문점,3.0,1.0,2.0,0.0,0.0,0.0,0.0
20261,A,골목상권,3110109,금호삼성래미안아파트,CS100009,호프-간이주점,5.0,5.0,0.0,20.0,1.0,0.0,0.0
20261,A,골목상권,3110109,금호삼성래미안아파트,CS100010,커피-음료,11.0,11.0,0.0,9.0,1.0,9.0,1.0
20261,A,골목상권,3110109,금호삼성래미안아파트,CS200001,일반교습학원,25.0,22.0,3.0,0.0,0.0,0.0,0.0
20261,A,골목상권,3110109,금호삼성래미안아파트,CS200002,외국어학원,1.0,1.0,0.0,0.0,0.0,0.0,0.0
20261,A,골목상권,3110109,금호삼성래미안아파트,CS200003,예술학원,11.0,11.0,0.0,0.0,0.0,0.0,0.0
20261,A,골목상권,3110109,금호삼성래미안아파트,CS200005,스포츠 강습,8.0,8.0,0.0,0.0,0.0,0.0,0.0
20261,A,골목상권,3110109,금호삼성래미안아파트,CS200006,일반의원,1.0,1.0,0.0,0.0,0.0,0.0,0.0
20261,A,골목상권,3110109,금호삼성래미안아파트,CS200007,치과의원,1.0,1.0,0.0,0.0,0.0,0.0,0.0
20261,A,골목상권,3110109,금호삼성래미안아파트,CS200008,한의원,1.0,1.0,0.0,0.0,0.0,0.0,0.0
20261,A,골목상권,3110109,금호삼성래미안아파트,CS200012,법무사사무소,1.0,1.0,0.0,0.0,0.0,0.0,0.0
20261,A,골목상권,3110109,금호삼성래미안아파트,CS200015,세무사사무소,1.0,1.0,0.0,0.0,0.0,0.0,0.0
20261,A,골목상권,3110109,금호삼성래미안아파트,CS200017,골프연습장,1.0,1.0,0.0,0.0,0.0,0.0,0.0
20261,A,골목상권,3110109,금호삼성래미안아파트,CS200019,PC방,1.0,1.0,0.0,0.0,0.0,0.0,0.0
20261,A,골목상권,3110109,금호삼성래미안아파트,CS200021,기타오락장,1.0,1.0,0.0,0.0,0.0,0.0,0.0
20261,A,골목상권,3110109,금호삼성래미안아파트,CS200024,스포츠클럽,3.0,3.0,0.0,0.0,0.0,0.0,0.0
20261,A,골목상권,3110109,금호삼성래미안아파트,CS200026,자동차미용,1.0,1.0,0.0,0.0,0.0,0.0,0.0
20261,A,골목상권,3110109,금호삼성래미안아파트,CS200028,미용실,8.0,8.0,0.0,0.0,0.0,0.0,0.0
20261,A,골목상권,3110109,금호삼성래미안아파트,CS200029,네일숍,1.0,1.0,0.0,0.0,0.0,0.0,0.0
20261,A,골목상권,3110109,금호삼성래미안아파트,CS200030,피부관리실,4.0,4.0,0.0,0.0,0.0,0.0,0.0
20261,A,골목상권,3110109,금호삼성래미안아파트,CS200031,세탁소,4.0,3.0,1.0,25.0,1.0,0.0,0.0
20261,A,골목상권,3110109,금호삼성래미안아파트,CS200033,부동산중개업,16.0,16.0,0.0,0.0,0.0,0.0,0.0
20261,A,골목상권,3110109,금호삼성래미안아파트,CS200037,노래방,1.0,1.0,0.0,0.0,0.0,0.0,0.0
20261,A,골목상권,3110109,금호삼성래미안아파트,CS200038,독서실,1.0,0.0,1.0,0.0,0.0,0.0,0.0
20261,A,골목상권,3110109,금호삼성래미안아파트,CS200041,사진관,2.0,2.0,0.0,0.0,0.0,0.0,0.0
20261,A,골목상권,3110109,금호삼성래미안아파트,CS200042,통번역서비스,1.0,1.0,0.0,0.0,0.0,0.0,0.0
20261,A,골목상권,3110109,금호삼성래미안아파트,CS300001,슈퍼마켓,6.0,4.0,2.0,0.0,0.0,0.0,0.0
20261,A,골목상권,3110109,금호삼성래미안아파트,CS300002,편의점,2.0,0.0,2.0,0.0,0.0,0.0,0.0
20261,A,골목상권,3110109,금호삼성래미안아파트,CS300004,핸드폰,1.0,1.0,0.0,0.0,0.0,0.0,0.0
20261,A,골목상권,3110109,금호삼성래미안아파트,CS300005,주류도매,1.0,1.0,0.0,0.0,0.0,0.0,0.0
20261,A,골목상권,3110109,금호삼성래미안아파트,CS300006,미곡판매,2.0,2.0,0.0,0.0,0.0,0.0,0.0
20261,A,골목상권,3110109,금호삼성래미안아파트,CS300007,육류판매,1.0,1.0,0.0,0.0,0.0,0.0,0.0
20261,A,골목상권,3110109,금호삼성래미안아파트,CS300008,수산물판매,2.0,2.0,0.0,0.0,0.0,0.0,0.0
20261,A,골목상권,3110109,금호삼성래미안아파트,CS300009,청과상,1.0,1.0,0.0,0.0,0.0,0.0,0.0
20261,A,골목상권,3110109,금호삼성래미안아파트,CS300010,반찬가게,2.0,2.0,0.0,0.0,0.0,0.0,0.0
20261,A,골목상권,3110109,금호삼성래미안아파트,CS300011,일반의류,7.0,7.0,0.0,14.0,1.0,14.0,1.0
20261,A,골목상권,3110109,금호삼성래미안아파트,CS300012,한복점,2.0,2.0,0.0,0.0,0.0,0.0,0.0
20261,A,골목상권,3110109,금호삼성래미안아파트,CS300013,유아의류,1.0,1.0,0.0,0.0,0.0,0.0,0.0
20261,A,골목상권,3110109,금호삼성래미안아파트,CS300014,신발,1.0,1.0,0.0,0.0,0.0,0.0,0.0
20261,A,골목상권,3110109,금호삼성래미안아파트,CS300016,안경,2.0,2.0,0.0,0.0,0.0,0.0,0.0
20261,A,골목상권,3110109,금호삼성래미안아파트,CS300017,시계및귀금속,1.0,1.0,0.0,0.0,0.0,0.0,0.0
20261,A,골목상권,3110109,금호삼성래미안아파트,CS300018,의약품,2.0,2.0,0.0,0.0,0.0,0.0,0.0
20261,A,골목상권,3110109,금호삼성래미안아파트,CS300022,화장품,2.0,2.0,0.0,0.0,0.0,0.0,0.0
20261,A,골목상권,3110109,금호삼성래미안아파트,CS300025,자전거 및 기타운송장비,1.0,1.0,0.0,0.0,0.0,0.0,0.0
20261,A,골목상권,3110109,금호삼성래미안아파트,CS300027,섬유제품,1.0,1.0,0.0,0.0,0.0,0.0,0.0
20261,A,골목상권,3110109,금호삼성래미안아파트,CS300028,화초,2.0,2.0,0.0,0.0,0.0,0.0,0.0
20261,A,골목상권,3110109,금호삼성래미안아파트,CS300029,애완동물,1.0,1.0,0.0,0.0,0.0,0.0,0.0
20261,A,골목상권,3110109,금호삼성래미안아파트,CS300031,가구,3.0,3.0,0.0,0.0,0.0,0.0,0.0
20261,A,골목상권,3110109,금호삼성래미안아파트,CS300033,철물점,1.0,1.0,0.0,0.0,0.0,0.0,0.0
20261,A,골목상권,3110109,금호삼성래미안아파트,CS300035,인테리어,2.0,2.0,0.0,0.0,0.0,0.0,0.0
20261,A,골목상권,3110109,금호삼성래미안아파트,CS300038,자동차부품,1.0,1.0,0.0,0.0,0.0,0.0,0.0
20261,A,골목상권,3110109,금호삼성래미안아파트,CS300040,재생용품 판매점,1.0,1.0,0.0,0.0,0.0,0.0,0.0
20261,A,골목상권,3110110,상왕십리역 6번,CS100001,한식음식점,6.0,6.0,0.0,0.0,0.0,0.0,0.0
20261,A,골목상권,3110110,상왕십리역 6번,CS100004,양식음식점,1.0,0.0,1.0,0.0,0.0,100.0,1.0
20261,A,골목상권,3110110,상왕십리역 6번,CS100005,제과점,2.0,2.0,0.0,0.0,0.0,0.0,0.0
20261,A,골목상권,3110110,상왕십리역 6번,CS100006,패스트푸드점,1.0,0.0,1.0,0.0,0.0,0.0,0.0
20261,A,골목상권,3110110,상왕십리역 6번,CS100007,치킨전문점,2.0,0.0,2.0,0.0,0.0,0.0,0.0
20261,A,골목상권,3110110,상왕십리역 6번,CS100008,분식전문점,3.0,3.0,0.0,0.0,0.0,0.0,0.0
20261,A,골목상권,3110110,상왕십리역 6번,CS100009,호프-간이주점,1.0,1.0,0.0,0.0,0.0,0.0,0.0
20261,A,골목상권,3110110,상왕십리역 6번,CS100010,커피-음료,2.0,1.0,1.0,0.0,0.0,0.0,0.0
20261,A,골목상권,3110110,상왕십리역 6번,CS200001,일반교습학원,6.0,6.0,0.0,17.0,1.0,0.0,0.0
20261,A,골목상권,3110110,상왕십리역 6번,CS200002,외국어학원,1.0,1.0,0.0,0.0,0.0,0.0,0.0
20261,A,골목상권,3110110,상왕십리역 6번,CS200003,예술학원,5.0,5.0,0.0,0.0,0.0,0.0,0.0
20261,A,골목상권,3110110,상왕십리역 6번,CS200005,스포츠 강습,1.0,1.0,0.0,0.0,0.0,0.0,0.0
20261,A,골목상권,3110110,상왕십리역 6번,CS200008,한의원,1.0,1.0,0.0,0.0,0.0,0.0,0.0
20261,A,골목상권,3110110,상왕십리역 6번,CS200009,동물병원,1.0,1.0,0.0,0.0,0.0,0.0,0.0
20261,A,골목상권,3110110,상왕십리역 6번,CS200014,회계사사무소,1.0,1.0,0.0,100.0,1.0,0.0,0.0
20261,A,골목상권,3110110,상왕십리역 6번,CS200016,당구장,3.0,3.0,0.0,0.0,0.0,0.0,0.0
20261,A,골목상권,3110110,상왕십리역 6번,CS200022,복권방,2.0,2.0,0.0,0.0,0.0,0.0,0.0
20261,A,골목상권,3110110,상왕십리역 6번,CS200023,통신기기수리,1.0,1.0,0.0,0.0,0.0,0.0,0.0
20261,A,골목상권,3110110,상왕십리역 6번,CS200024,스포츠클럽,1.0,1.0,0.0,0.0,0.0,0.0,0.0
20261,A,골목상권,3110110,상왕십리역 6번,CS200028,미용실,6.0,6.0,0.0,17.0,1.0,17.0,1.0
20261,A,골목상권,3110110,상왕십리역 6번,CS200029,네일숍,3.0,3.0,0.0,0.0,0.0,0.0,0.0
20261,A,골목상권,3110110,상왕십리역 6번,CS200030,피부관리실,5.0,5.0,0.0,0.0,0.0,0.0,0.0
20261,A,골목상권,3110110,상왕십리역 6번,CS200031,세탁소,1.0,1.0,0.0,0.0,0.0,0.0,0.0
20261,A,골목상권,3110110,상왕십리역 6번,CS200032,가전제품수리,1.0,1.0,0.0,0.0,0.0,0.0,0.0
20261,A,골목상권,3110110,상왕십리역 6번,CS200033,부동산중개업,6.0,6.0,0.0,0.0,0.0,0.0,0.0
20261,A,골목상권,3110110,상왕십리역 6번,CS200034,여관,2.0,2.0,0.0,0.0,0.0,0.0,0.0
20261,A,골목상권,3110110,상왕십리역 6번,CS200035,게스트하우스,1.0,1.0,0.0,0.0,0.0,0.0,0.0
20261,A,골목상권,3110110,상왕십리역 6번,CS200041,사진관,5.0,5.0,0.0,0.0,0.0,0.0,0.0
20261,A,골목상권,3110110,상왕십리역 6번,CS200043,건축물청소,2.0,2.0,0.0,0.0,0.0,0.0,0.0
20261,A,골목상권,3110110,상왕십리역 6번,CS300001,슈퍼마켓,8.0,5.0,3.0,0.0,0.0,0.0,0.0
20261,A,골목상권,3110110,상왕십리역 6번,CS300002,편의점,1.0,0.0,1.0,0.0,0.0,0.0,0.0
20261,A,골목상권,3110110,상왕십리역 6번,CS300005,주류도매,1.0,1.0,0.0,0.0,0.0,0.0,0.0
20261,A,골목상권,3110110,상왕십리역 6번,CS300006,미곡판매,3.0,3.0,0.0,0.0,0.0,0.0,0.0
20261,A,골목상권,3110110,상왕십리역 6번,CS300007,육류판매,1.0,1.0,0.0,0.0,0.0,0.0,0.0
20261,A,골목상권,3110110,상왕십리역 6번,CS300008,수산물판매,0.0,0.0,0.0,0.0,0.0,0.0,1.0
20261,A,골목상권,3110110,상왕십리역 6번,CS300010,반찬가게,1.0,1.0,0.0,0.0,0.0,0.0,0.0
20261,A,골목상권,3110110,상왕십리역 6번,CS300011,일반의류,4.0,4.0,0.0,0.0,0.0,25.0,1.0
20261,A,골목상권,3110110,상왕십리역 6번,CS300013,유아의류,1.0,1.0,0.0,0.0,0.0,0.0,0.0
20261,A,골목상권,3110110,상왕십리역 6번,CS300014,신발,3.0,3.0,0.0,0.0,0.0,0.0,0.0
20261,A,골목상권,3110110,상왕십리역 6번,CS300015,가방,1.0,1.0,0.0,0.0,0.0,0.0,0.0
20261,A,골목상권,3110110,상왕십리역 6번,CS300016,안경,1.0,0.0,1.0,0.0,0.0,0.0,0.0
20261,A,골목상권,3110110,상왕십리역 6번,CS300018,의약품,1.0,1.0,0.0,0.0,0.0,0.0,0.0
20261,A,골목상권,3110110,상왕십리역 6번,CS300022,화장품,5.0,3.0,2.0,0.0,0.0,0.0,0.0
20261,A,골목상권,3110110,상왕십리역 6번,CS300023,미용재료,1.0,1.0,0.0,0.0,0.0,0.0,0.0
20261,A,골목상권,3110110,상왕십리역 6번,CS300028,화초,4.0,4.0,0.0,0.0,0.0,0.0,0.0
20261,A,골목상권,3110110,상왕십리역 6번,CS300029,애완동물,2.0,2.0,0.0,50.0,1.0,0.0,0.0
20261,A,골목상권,3110110,상왕십리역 6번,CS300032,가전제품,1.0,1.0,0.0,0.0,0.0,0.0,0.0
20261,A,골목상권,3110110,상왕십리역 6번,CS300035,인테리어,4.0,4.0,0.0,0.0,0.0,0.0,0.0
20261,A,골목상권,3110110,상왕십리역 6번,CS300039,모터사이클및부품,1.0,1.0,0.0,0.0,0.0,0.0,0.0
20261,A,골목상권,3110110,상왕십리역 6번,CS300043,전자상거래업,8.0,8.0,0.0,0.0,0.0,0.0,0.0
20261,A,골목상권,3110111,대현산장미원,CS100001,한식음식점,1.0,1.0,0.0,0.0,0.0,0.0,0.0
20261,A,골목상권,3110111,대현산장미원,CS100010,커피-음료,1.0,1.0,0.0,0.0,0.0,0.0,0.0
20261,A,골목상권,3110111,대현산장미원,CS200001,일반교습학원,1.0,1.0,0.0,0.0,0.0,0.0,0.0
20261,A,골목상권,3110111,대현산장미원,CS200005,스포츠 강습,1.0,1.0,0.0,100.0,1.0,0.0,0.0
20261,A,골목상권,3110111,대현산장미원,CS200028,미용실,2.0,2.0,0.0,50.0,1.0,0.0,0.0
20261,A,골목상권,3110111,대현산장미원,CS200033,부동산중개업,3.0,3.0,0.0,0.0,0.0,0.0,0.0
20261,A,골목상권,3110111,대현산장미원,CS300001,슈퍼마켓,2.0,1.0,1.0,0.0,0.0,0.0,0.0
20261,A,골목상권,3110111,대현산장미원,CS300011,일반의류,1.0,1.0,0.0,0.0,0.0,0.0,0.0
20261,A,골목상권,3110111,대현산장미원,CS300018,의약품,1.0,1.0,0.0,0.0,0.0,0.0,0.0
20261,A,골목상권,3110111,대현산장미원,CS300028,화초,1.0,1.0,0.0,0.0,0.0,0.0,0.0
20261,A,골목상권,3110111,대현산장미원,CS300032,가전제품,1.0,1.0,0.0,0.0,0.0,0.0,0.0
20261,A,골목상권,3110111,대현산장미원,CS300043,전자상거래업,2.0,2.0,0.0,0.0,0.0,0.0,0.0
20261,A,골목상권,3110112,행당역 2번,CS100001,한식음식점,15.0,12.0,3.0,0.0,0.0,0.0,0.0
20261,A,골목상권,3110112,행당역 2번,CS100002,중식음식점,3.0,3.0,0.0,0.0,0.0,0.0,0.0
20261,A,골목상권,3110112,행당역 2번,CS100003,일식음식점,2.0,2.0,0.0,0.0,0.0,0.0,0.0
20261,A,골목상권,3110112,행당역 2번,CS100004,양식음식점,4.0,3.0,1.0,0.0,0.0,0.0,0.0
20261,A,골목상권,3110112,행당역 2번,CS100005,제과점,2.0,1.0,1.0,0.0,0.0,0.0,0.0
20261,A,골목상권,3110112,행당역 2번,CS100006,패스트푸드점,1.0,0.0,1.0,0.0,0.0,0.0,0.0
20261,A,골목상권,3110112,행당역 2번,CS100007,치킨전문점,3.0,1.0,2.0,0.0,0.0,33.0,1.0
20261,A,골목상권,3110112,행당역 2번,CS100008,분식전문점,2.0,0.0,2.0,0.0,0.0,50.0,1.0
20261,A,골목상권,3110112,행당역 2번,CS100009,호프-간이주점,3.0,3.0,0.0,0.0,0.0,0.0,0.0
20261,A,골목상권,3110112,행당역 2번,CS100010,커피-음료,6.0,4.0,2.0,0.0,0.0,0.0,0.0
20261,A,골목상권,3110112,행당역 2번,CS200001,일반교습학원,16.0,16.0,0.0,0.0,0.0,0.0,0.0
20261,A,골목상권,3110112,행당역 2번,CS200002,외국어학원,1.0,1.0,0.0,0.0,0.0,0.0,0.0
20261,A,골목상권,3110112,행당역 2번,CS200003,예술학원,1.0,1.0,0.0,0.0,0.0,0.0,0.0
20261,A,골목상권,3110112,행당역 2번,CS200006,일반의원,1.0,1.0,0.0,0.0,0.0,0.0,0.0
20261,A,골목상권,3110112,행당역 2번,CS200008,한의원,2.0,2.0,0.0,0.0,0.0,0.0,0.0
20261,A,골목상권,3110112,행당역 2번,CS200012,법무사사무소,1.0,1.0,0.0,0.0,0.0,0.0,0.0
20261,A,골목상권,3110112,행당역 2번,CS200025,자동차수리,1.0,1.0,0.0,0.0,0.0,0.0,0.0
20261,A,골목상권,3110112,행당역 2번,CS200026,자동차미용,2.0,2.0,0.0,0.0,0.0,0.0,0.0
20261,A,골목상권,3110112,행당역 2번,CS200028,미용실,6.0,5.0,1.0,0.0,0.0,0.0,0.0
20261,A,골목상권,3110112,행당역 2번,CS200029,네일숍,1.0,1.0,0.0,0.0,0.0,0.0,0.0
20261,A,골목상권,3110112,행당역 2번,CS200030,피부관리실,3.0,3.0,0.0,0.0,0.0,0.0,0.0
20261,A,골목상권,3110112,행당역 2번,CS200033,부동산중개업,6.0,6.0,0.0,0.0,0.0,0.0,0.0
20261,A,골목상권,3110112,행당역 2번,CS200035,게스트하우스,1.0,1.0,0.0,0.0,0.0,0.0,0.0
20261,A,골목상권,3110112,행당역 2번,CS200037,노래방,1.0,1.0,0.0,0.0,0.0,0.0,0.0
20261,A,골목상권,3110112,행당역 2번,CS200038,독서실,4.0,2.0,2.0,0.0,0.0,0.0,0.0
20261,A,골목상권,3110112,행당역 2번,CS200041,사진관,1.0,1.0,0.0,0.0,0.0,0.0,0.0
20261,A,골목상권,3110112,행당역 2번,CS200043,건축물청소,2.0,2.0,0.0,0.0,0.0,0.0,0.0
20261,A,골목상권,3110112,행당역 2번,CS200044,여행사,1.0,1.0,0.0,0.0,0.0,0.0,0.0
20261,A,골목상권,3110112,행당역 2번,CS300001,슈퍼마켓,2.0,1.0,1.0,0.0,0.0,0.0,0.0
20261,A,골목상권,3110112,행당역 2번,CS300002,편의점,1.0,0.0,1.0,0.0,0.0,0.0,0.0
20261,A,골목상권,3110112,행당역 2번,CS300003,컴퓨터및주변장치판매,1.0,1.0,0.0,0.0,0.0,0.0,0.0
20261,A,골목상권,3110112,행당역 2번,CS300004,핸드폰,3.0,3.0,0.0,0.0,0.0,0.0,0.0
20261,A,골목상권,3110112,행당역 2번,CS300005,주류도매,1.0,1.0,0.0,0.0,0.0,0.0,0.0
20261,A,골목상권,3110112,행당역 2번,CS300006,미곡판매,1.0,1.0,0.0,100.0,1.0,0.0,0.0
20261,A,골목상권,3110112,행당역 2번,CS300010,반찬가게,1.0,1.0,0.0,0.0,0.0,0.0,0.0
20261,A,골목상권,3110112,행당역 2번,CS300011,일반의류,2.0,2.0,0.0,0.0,0.0,50.0,1.0
20261,A,골목상권,3110112,행당역 2번,CS300016,안경,1.0,1.0,0.0,0.0,0.0,0.0,0.0
20261,A,골목상권,3110112,행당역 2번,CS300017,시계및귀금속,1.0,1.0,0.0,0.0,0.0,0.0,0.0
20261,A,골목상권,3110112,행당역 2번,CS300018,의약품,2.0,2.0,0.0,0.0,0.0,0.0,0.0
20261,A,골목상권,3110112,행당역 2번,CS300019,의료기기,1.0,1.0,0.0,0.0,0.0,0.0,0.0
20261,A,골목상권,3110112,행당역 2번,CS300020,서적,1.0,1.0,0.0,0.0,0.0,0.0,0.0
20261,A,골목상권,3110112,행당역 2번,CS300022,화장품,5.0,5.0,0.0,0.0,0.0,0.0,0.0
20261,A,골목상권,3110112,행당역 2번,CS300028,화초,1.0,1.0,0.0,0.0,0.0,0.0,0.0
20261,A,골목상권,3110112,행당역 2번,CS300029,애완동물,2.0,2.0,0.0,0.0,0.0,0.0,0.0
20261,A,골목상권,3110112,행당역 2번,CS300031,가구,1.0,1.0,0.0,0.0,0.0,0.0,0.0
20261,A,골목상권,3110112,행당역 2번,CS300035,인테리어,3.0,3.0,0.0,0.0,0.0,0.0,0.0
20261,A,골목상권,3110112,행당역 2번,CS300036,조명용품,1.0,1.0,0.0,0.0,0.0,0.0,0.0
20261,A,골목상권,3110112,행당역 2번,CS300043,전자상거래업,4.0,4.0,0.0,0.0,0.0,0.0,0.0
20261,A,골목상권,3110113,응봉산,CS100001,한식음식점,3.0,3.0,0.0,0.0,0.0,0.0,0.0
20261,A,골목상권,3110113,응봉산,CS100004,양식음식점,3.0,3.0,0.0,0.0,0.0,0.0,0.0
20261,A,골목상권,3110113,응봉산,CS100005,제과점,1.0,0.0,1.0,0.0,0.0,0.0,0.0
20261,A,골목상권,3110113,응봉산,CS100007,치킨전문점,1.0,1.0,0.0,0.0,0.0,0.0,0.0
20261,A,골목상권,3110113,응봉산,CS100008,분식전문점,3.0,3.0,0.0,0.0,0.0,0.0,0.0
20261,A,골목상권,3110113,응봉산,CS100010,커피-음료,2.0,2.0,0.0,0.0,0.0,0.0,0.0
20261,A,골목상권,3110113,응봉산,CS200001,일반교습학원,4.0,4.0,0.0,0.0,0.0,0.0,0.0
20261,A,골목상권,3110113,응봉산,CS200003,예술학원,4.0,4.0,0.0,0.0,0.0,0.0,0.0
20261,A,골목상권,3110113,응봉산,CS200005,스포츠 강습,3.0,3.0,0.0,0.0,0.0,0.0,0.0
20261,A,골목상권,3110113,응봉산,CS200006,일반의원,1.0,1.0,0.0,0.0,0.0,0.0,0.0
20261,A,골목상권,3110113,응봉산,CS200008,한의원,1.0,1.0,0.0,0.0,0.0,0.0,0.0
20261,A,골목상권,3110113,응봉산,CS200017,골프연습장,1.0,1.0,0.0,0.0,0.0,0.0,0.0
20261,A,골목상권,3110113,응봉산,CS200024,스포츠클럽,0.0,0.0,0.0,0.0,0.0,0.0,1.0
20261,A,골목상권,3110113,응봉산,CS200025,자동차수리,1.0,1.0,0.0,0.0,0.0,0.0,0.0
20261,A,골목상권,3110113,응봉산,CS200028,미용실,3.0,2.0,1.0,0.0,0.0,0.0,0.0
20261,A,골목상권,3110113,응봉산,CS200029,네일숍,1.0,1.0,0.0,0.0,0.0,0.0,0.0
20261,A,골목상권,3110113,응봉산,CS200030,피부관리실,1.0,1.0,0.0,0.0,0.0,0.0,0.0
20261,A,골목상권,3110113,응봉산,CS200031,세탁소,3.0,2.0,1.0,0.0,0.0,0.0,0.0
20261,A,골목상권,3110113,응봉산,CS200033,부동산중개업,1.0,1.0,0.0,0.0,0.0,0.0,0.0
20261,A,골목상권,3110113,응봉산,CS200037,노래방,1.0,1.0,0.0,0.0,0.0,0.0,0.0
20261,A,골목상권,3110113,응봉산,CS200040,녹음실,1.0,1.0,0.0,0.0,0.0,0.0,0.0
20261,A,골목상권,3110113,응봉산,CS200041,사진관,1.0,1.0,0.0,0.0,0.0,0.0,0.0
20261,A,골목상권,3110113,응봉산,CS300002,편의점,1.0,0.0,1.0,0.0,0.0,0.0,0.0
20261,A,골목상권,3110113,응봉산,CS300007,육류판매,1.0,1.0,0.0,0.0,0.0,0.0,0.0
20261,A,골목상권,3110113,응봉산,CS300010,반찬가게,2.0,2.0,0.0,0.0,0.0,0.0,0.0
20261,A,골목상권,3110113,응봉산,CS300011,일반의류,1.0,1.0,0.0,0.0,0.0,0.0,0.0
20261,A,골목상권,3110113,응봉산,CS300016,안경,1.0,1.0,0.0,0.0,0.0,0.0,0.0
20261,A,골목상권,3110113,응봉산,CS300017,시계및귀금속,2.0,2.0,0.0,0.0,0.0,0.0,0.0
20261,A,골목상권,3110113,응봉산,CS300018,의약품,2.0,2.0,0.0,0.0,0.0,0.0,0.0
20261,A,골목상권,3110113,응봉산,CS300020,서적,2.0,2.0,0.0,0.0,0.0,0.0,0.0
20261,A,골목상권,3110113,응봉산,CS300021,문구,2.0,2.0,0.0,0.0,0.0,0.0,0.0
20261,A,골목상권,3110113,응봉산,CS300022,화장품,2.0,2.0,0.0,0.0,0.0,0.0,0.0
20261,A,골목상권,3110113,응봉산,CS300028,화초,1.0,1.0,0.0,0.0,0.0,0.0,0.0
20261,A,골목상권,3110113,응봉산,CS300031,가구,1.0,1.0,0.0,0.0,0.0,0.0,0.0
20261,A,골목상권,3110113,응봉산,CS300036,조명용품,1.0,1.0,0.0,0.0,0.0,0.0,0.0
20261,A,골목상권,3110113,응봉산,CS300043,전자상거래업,5.0,5.0,0.0,0.0,0.0,0.0,0.0
20261,A,골목상권,3110114,왕십리파출소,CS100001,한식음식점,6.0,6.0,0.0,0.0,0.0,0.0,0.0
20261,A,골목상권,3110114,왕십리파출소,CS100007,치킨전문점,1.0,0.0,1.0,0.0,0.0,0.0,0.0
20261,A,골목상권,3110114,왕십리파출소,CS100009,호프-간이주점,2.0,2.0,0.0,0.0,0.0,0.0,0.0
20261,A,골목상권,3110114,왕십리파출소,CS100010,커피-음료,2.0,2.0,0.0,0.0,0.0,0.0,0.0
20261,A,골목상권,3110114,왕십리파출소,CS200006,일반의원,1.0,1.0,0.0,0.0,0.0,0.0,0.0
20261,A,골목상권,3110114,왕십리파출소,CS200008,한의원,1.0,1.0,0.0,0.0,0.0,0.0,0.0
20261,A,골목상권,3110114,왕십리파출소,CS200024,스포츠클럽,1.0,1.0,0.0,0.0,0.0,0.0,0.0
20261,A,골목상권,3110114,왕십리파출소,CS200025,자동차수리,2.0,2.0,0.0,0.0,0.0,0.0,0.0
20261,A,골목상권,3110114,왕십리파출소,CS200027,모터사이클수리,1.0,1.0,0.0,0.0,0.0,0.0,0.0
20261,A,골목상권,3110114,왕십리파출소,CS200028,미용실,1.0,1.0,0.0,0.0,0.0,0.0,0.0
20261,A,골목상권,3110114,왕십리파출소,CS200029,네일숍,1.0,1.0,0.0,0.0,0.0,0.0,0.0
20261,A,골목상권,3110114,왕십리파출소,CS200032,가전제품수리,3.0,3.0,0.0,0.0,0.0,0.0,0.0
20261,A,골목상권,3110114,왕십리파출소,CS200033,부동산중개업,1.0,1.0,0.0,0.0,0.0,0.0,0.0
20261,A,골목상권,3110114,왕십리파출소,CS200038,독서실,1.0,1.0,0.0,0.0,0.0,0.0,0.0
20261,A,골목상권,3110114,왕십리파출소,CS300001,슈퍼마켓,3.0,3.0,0.0,0.0,0.0,0.0,0.0
20261,A,골목상권,3110114,왕십리파출소,CS300002,편의점,1.0,0.0,1.0,0.0,0.0,0.0,0.0
20261,A,골목상권,3110114,왕십리파출소,CS300007,육류판매,11.0,11.0,0.0,0.0,0.0,0.0,0.0
20261,A,골목상권,3110114,왕십리파출소,CS300010,반찬가게,2.0,2.0,0.0,0.0,0.0,0.0,0.0
20261,A,골목상권,3110114,왕십리파출소,CS300011,일반의류,2.0,2.0,0.0,0.0,0.0,0.0,0.0
20261,A,골목상권,3110114,왕십리파출소,CS300017,시계및귀금속,1.0,1.0,0.0,0.0,0.0,0.0,0.0
20261,A,골목상권,3110114,왕십리파출소,CS300018,의약품,1.0,1.0,0.0,0.0,0.0,0.0,0.0
20261,A,골목상권,3110114,왕십리파출소,CS300027,섬유제품,2.0,2.0,0.0,0.0,0.0,0.0,0.0
20261,A,골목상권,3110114,왕십리파출소,CS300033,철물점,1.0,1.0,0.0,0.0,0.0,0.0,0.0
20261,A,골목상권,3110114,왕십리파출소,CS300035,인테리어,1.0,1.0,0.0,0.0,0.0,0.0,0.0
20261,A,골목상권,3110114,왕십리파출소,CS300038,자동차부품,1.0,1.0,0.0,0.0,0.0,0.0,0.0
20261,A,골목상권,3110114,왕십리파출소,CS300041,예술품,1.0,1.0,0.0,0.0,0.0,0.0,0.0
20261,A,골목상권,3110114,왕십리파출소,CS300043,전자상거래업,1.0,1.0,0.0,0.0,0.0,0.0,0.0
20261,A,골목상권,3110115,상왕십리역 3번,CS100001,한식음식점,14.0,13.0,1.0,0.0,0.0,0.0,0.0
20261,A,골목상권,3110115,상왕십리역 3번,CS100002,중식음식점,1.0,1.0,0.0,0.0,0.0,0.0,0.0
20261,A,골목상권,3110115,상왕십리역 3번,CS100003,일식음식점,1.0,1.0,0.0,0.0,0.0,0.0,0.0
20261,A,골목상권,3110115,상왕십리역 3번,CS100004,양식음식점,1.0,1.0,0.0,0.0,0.0,0.0,0.0
20261,A,골목상권,3110115,상왕십리역 3번,CS100005,제과점,4.0,4.0,0.0,0.0,0.0,25.0,1.0
20261,A,골목상권,3110115,상왕십리역 3번,CS100007,치킨전문점,1.0,1.0,0.0,0.0,0.0,0.0,0.0
20261,A,골목상권,3110115,상왕십리역 3번,CS100008,분식전문점,6.0,5.0,1.0,0.0,0.0,0.0,0.0
20261,A,골목상권,3110115,상왕십리역 3번,CS100009,호프-간이주점,5.0,5.0,0.0,0.0,0.0,0.0,0.0
20261,A,골목상권,3110115,상왕십리역 3번,CS100010,커피-음료,11.0,9.0,2.0,9.0,1.0,9.0,1.0
20261,A,골목상권,3110115,상왕십리역 3번,CS200001,일반교습학원,6.0,6.0,0.0,0.0,0.0,0.0,0.0
20261,A,골목상권,3110115,상왕십리역 3번,CS200003,예술학원,4.0,4.0,0.0,0.0,0.0,0.0,0.0
20261,A,골목상권,3110115,상왕십리역 3번,CS200005,스포츠 강습,4.0,4.0,0.0,0.0,0.0,0.0,0.0
20261,A,골목상권,3110115,상왕십리역 3번,CS200006,일반의원,2.0,2.0,0.0,0.0,0.0,0.0,0.0
20261,A,골목상권,3110115,상왕십리역 3번,CS200008,한의원,4.0,4.0,0.0,25.0,1.0,25.0,1.0
20261,A,골목상권,3110115,상왕십리역 3번,CS200009,동물병원,1.0,1.0,0.0,0.0,0.0,0.0,0.0
20261,A,골목상권,3110115,상왕십리역 3번,CS200014,회계사사무소,1.0,1.0,0.0,0.0,0.0,0.0,0.0
20261,A,골목상권,3110115,상왕십리역 3번,CS200016,당구장,1.0,1.0,0.0,0.0,0.0,0.0,0.0
20261,A,골목상권,3110115,상왕십리역 3번,CS200022,복권방,1.0,1.0,0.0,0.0,0.0,0.0,0.0
20261,A,골목상권,3110115,상왕십리역 3번,CS200024,스포츠클럽,4.0,4.0,0.0,0.0,0.0,0.0,0.0
20261,A,골목상권,3110115,상왕십리역 3번,CS200025,자동차수리,1.0,1.0,0.0,0.0,0.0,0.0,0.0
20261,A,골목상권,3110115,상왕십리역 3번,CS200026,자동차미용,2.0,2.0,0.0,0.0,0.0,0.0,0.0
20261,A,골목상권,3110115,상왕십리역 3번,CS200028,미용실,5.0,5.0,0.0,0.0,0.0,0.0,0.0
20261,A,골목상권,3110115,상왕십리역 3번,CS200029,네일숍,1.0,1.0,0.0,0.0,0.0,0.0,0.0
20261,A,골목상권,3110115,상왕십리역 3번,CS200030,피부관리실,2.0,2.0,0.0,0.0,0.0,0.0,0.0
20261,A,골목상권,3110115,상왕십리역 3번,CS200031,세탁소,3.0,3.0,0.0,0.0,0.0,0.0,0.0
20261,A,골목상권,3110115,상왕십리역 3번,CS200033,부동산중개업,13.0,13.0,0.0,0.0,0.0,8.0,1.0
20261,A,골목상권,3110115,상왕십리역 3번,CS200034,여관,1.0,1.0,0.0,0.0,0.0,0.0,0.0
20261,A,골목상권,3110115,상왕십리역 3번,CS200035,게스트하우스,1.0,1.0,0.0,0.0,0.0,0.0,0.0
20261,A,골목상권,3110115,상왕십리역 3번,CS200037,노래방,2.0,2.0,0.0,0.0,0.0,0.0,0.0
20261,A,골목상권,3110115,상왕십리역 3번,CS200038,독서실,2.0,2.0,0.0,0.0,0.0,0.0,0.0
20261,A,골목상권,3110115,상왕십리역 3번,CS200041,사진관,2.0,2.0,0.0,0.0,0.0,0.0,0.0
20261,A,골목상권,3110115,상왕십리역 3번,CS200043,건축물청소,1.0,1.0,0.0,0.0,0.0,0.0,0.0
20261,A,골목상권,3110115,상왕십리역 3번,CS200047,가정용품임대,1.0,1.0,0.0,0.0,0.0,0.0,0.0
20261,A,골목상권,3110115,상왕십리역 3번,CS300001,슈퍼마켓,5.0,5.0,0.0,0.0,0.0,0.0,0.0
20261,A,골목상권,3110115,상왕십리역 3번,CS300002,편의점,3.0,0.0,3.0,0.0,0.0,0.0,0.0
20261,A,골목상권,3110115,상왕십리역 3번,CS300003,컴퓨터및주변장치판매,2.0,2.0,0.0,0.0,0.0,0.0,0.0
20261,A,골목상권,3110115,상왕십리역 3번,CS300004,핸드폰,2.0,2.0,0.0,0.0,0.0,0.0,0.0
20261,A,골목상권,3110115,상왕십리역 3번,CS300006,미곡판매,2.0,2.0,0.0,0.0,0.0,0.0,0.0
20261,A,골목상권,3110115,상왕십리역 3번,CS300007,육류판매,3.0,3.0,0.0,0.0,0.0,0.0,0.0
20261,A,골목상권,3110115,상왕십리역 3번,CS300008,수산물판매,1.0,1.0,0.0,0.0,0.0,0.0,0.0
20261,A,골목상권,3110115,상왕십리역 3번,CS300009,청과상,5.0,5.0,0.0,0.0,0.0,0.0,0.0
20261,A,골목상권,3110115,상왕십리역 3번,CS300010,반찬가게,2.0,2.0,0.0,0.0,0.0,0.0,0.0
20261,A,골목상권,3110115,상왕십리역 3번,CS300011,일반의류,19.0,19.0,0.0,0.0,0.0,5.0,1.0
20261,A,골목상권,3110115,상왕십리역 3번,CS300016,안경,2.0,2.0,0.0,0.0,0.0,0.0,0.0
20261,A,골목상권,3110115,상왕십리역 3번,CS300017,시계및귀금속,1.0,0.0,1.0,100.0,1.0,0.0,0.0
20261,A,골목상권,3110115,상왕십리역 3번,CS300018,의약품,2.0,2.0,0.0,0.0,0.0,0.0,0.0
20261,A,골목상권,3110115,상왕십리역 3번,CS300019,의료기기,2.0,2.0,0.0,0.0,0.0,0.0,0.0
20261,A,골목상권,3110115,상왕십리역 3번,CS300020,서적,2.0,2.0,0.0,0.0,0.0,0.0,0.0
20261,A,골목상권,3110115,상왕십리역 3번,CS300021,문구,1.0,1.0,0.0,0.0,0.0,0.0,0.0
20261,A,골목상권,3110115,상왕십리역 3번,CS300022,화장품,5.0,5.0,0.0,0.0,0.0,0.0,0.0
20261,A,골목상권,3110115,상왕십리역 3번,CS300023,미용재료,2.0,2.0,0.0,0.0,0.0,0.0,0.0
20261,A,골목상권,3110115,상왕십리역 3번,CS300025,자전거 및 기타운송장비,1.0,1.0,0.0,0.0,0.0,0.0,0.0
20261,A,골목상권,3110115,상왕십리역 3번,CS300027,섬유제품,1.0,1.0,0.0,0.0,0.0,0.0,0.0
20261,A,골목상권,3110115,상왕십리역 3번,CS300028,화초,1.0,1.0,0.0,100.0,1.0,0.0,0.0
20261,A,골목상권,3110115,상왕십리역 3번,CS300029,애완동물,2.0,2.0,0.0,50.0,1.0,0.0,0.0
20261,A,골목상권,3110115,상왕십리역 3번,CS300033,철물점,2.0,2.0,0.0,0.0,0.0,0.0,0.0
20261,A,골목상권,3110115,상왕십리역 3번,CS300035,인테리어,1.0,1.0,0.0,0.0,0.0,0.0,0.0
20261,A,골목상권,3110115,상왕십리역 3번,CS300036,조명용품,1.0,1.0,0.0,0.0,0.0,0.0,0.0
20261,A,골목상권,3110115,상왕십리역 3번,CS300040,재생용품 판매점,1.0,1.0,0.0,0.0,0.0,0.0,0.0
20261,A,골목상권,3110115,상왕십리역 3번,CS300043,전자상거래업,6.0,6.0,0.0,0.0,0.0,0.0,0.0
20261,A,골목상권,3110116,청계천박물관,CS100001,한식음식점,4.0,3.0,1.0,25.0,1.0,0.0,0.0
20261,A,골목상권,3110116,청계천박물관,CS100009,호프-간이주점,1.0,1.0,0.0,0.0,0.0,0.0,0.0
20261,A,골목상권,3110116,청계천박물관,CS100010,커피-음료,1.0,1.0,0.0,0.0,0.0,0.0,0.0
20261,A,골목상권,3110116,청계천박물관,CS200001,일반교습학원,2.0,2.0,0.0,0.0,0.0,0.0,0.0
20261,A,골목상권,3110116,청계천박물관,CS200003,예술학원,1.0,1.0,0.0,0.0,0.0,0.0,0.0
20261,A,골목상권,3110116,청계천박물관,CS200005,스포츠 강습,1.0,1.0,0.0,0.0,0.0,0.0,0.0
20261,A,골목상권,3110116,청계천박물관,CS200025,자동차수리,3.0,3.0,0.0,0.0,0.0,0.0,0.0
20261,A,골목상권,3110116,청계천박물관,CS200027,모터사이클수리,1.0,1.0,0.0,0.0,0.0,0.0,0.0
20261,A,골목상권,3110116,청계천박물관,CS200028,미용실,3.0,3.0,0.0,0.0,0.0,0.0,0.0
20261,A,골목상권,3110116,청계천박물관,CS200031,세탁소,1.0,1.0,0.0,0.0,0.0,0.0,0.0
20261,A,골목상권,3110116,청계천박물관,CS200032,가전제품수리,1.0,1.0,0.0,0.0,0.0,0.0,0.0
20261,A,골목상권,3110116,청계천박물관,CS200033,부동산중개업,2.0,2.0,0.0,0.0,0.0,0.0,0.0
20261,A,골목상권,3110116,청계천박물관,CS300001,슈퍼마켓,2.0,2.0,0.0,0.0,0.0,0.0,0.0
20261,A,골목상권,3110116,청계천박물관,CS300006,미곡판매,1.0,1.0,0.0,0.0,0.0,0.0,0.0
20261,A,골목상권,3110116,청계천박물관,CS300007,육류판매,175.0,175.0,0.0,1.0,1.0,3.0,5.0
20261,A,골목상권,3110116,청계천박물관,CS300009,청과상,5.0,5.0,0.0,0.0,0.0,0.0,0.0
20261,A,골목상권,3110116,청계천박물관,CS300011,일반의류,3.0,3.0,0.0,0.0,0.0,0.0,0.0
20261,A,골목상권,3110116,청계천박물관,CS300018,의약품,1.0,1.0,0.0,0.0,0.0,0.0,0.0
20261,A,골목상권,3110116,청계천박물관,CS300022,화장품,2.0,2.0,0.0,0.0,0.0,0.0,0.0
20261,A,골목상권,3110116,청계천박물관,CS300031,가구,1.0,1.0,0.0,0.0,0.0,0.0,0.0
20261,A,골목상권,3110116,청계천박물관,CS300032,가전제품,1.0,1.0,0.0,0.0,0.0,0.0,0.0
20261,A,골목상권,3110116,청계천박물관,CS300033,철물점,1.0,1.0,0.0,0.0,0.0,0.0,0.0
20261,A,골목상권,3110116,청계천박물관,CS300035,인테리어,3.0,3.0,0.0,0.0,0.0,0.0,0.0
20261,A,골목상권,3110116,청계천박물관,CS300036,조명용품,2.0,2.0,0.0,0.0,0.0,0.0,0.0
20261,A,골목상권,3110116,청계천박물관,CS300040,재생용품 판매점,1.0,1.0,0.0,0.0,0.0,0.0,0.0
20261,A,골목상권,3110116,청계천박물관,CS300043,전자상거래업,3.0,3.0,0.0,0.0,0.0,0.0,0.0
20261,A,골목상권,3110117,성동구보건소,CS100001,한식음식점,10.0,10.0,0.0,0.0,0.0,0.0,0.0
20261,A,골목상권,3110117,성동구보건소,CS100003,일식음식점,1.0,1.0,0.0,0.0,0.0,0.0,0.0
20261,A,골목상권,3110117,성동구보건소,CS100006,패스트푸드점,1.0,1.0,0.0,0.0,0.0,0.0,0.0
20261,A,골목상권,3110117,성동구보건소,CS100007,치킨전문점,3.0,2.0,1.0,0.0,0.0,0.0,0.0
20261,A,골목상권,3110117,성동구보건소,CS100008,분식전문점,1.0,0.0,1.0,0.0,0.0,0.0,0.0
20261,A,골목상권,3110117,성동구보건소,CS100009,호프-간이주점,4.0,4.0,0.0,0.0,0.0,0.0,0.0
20261,A,골목상권,3110117,성동구보건소,CS100010,커피-음료,1.0,1.0,0.0,0.0,0.0,0.0,0.0
20261,A,골목상권,3110117,성동구보건소,CS200016,당구장,1.0,1.0,0.0,0.0,0.0,0.0,0.0
20261,A,골목상권,3110117,성동구보건소,CS200025,자동차수리,2.0,2.0,0.0,0.0,0.0,0.0,0.0
20261,A,골목상권,3110117,성동구보건소,CS200026,자동차미용,1.0,1.0,0.0,0.0,0.0,0.0,0.0
20261,A,골목상권,3110117,성동구보건소,CS200027,모터사이클수리,1.0,1.0,0.0,0.0,0.0,0.0,0.0
20261,A,골목상권,3110117,성동구보건소,CS200028,미용실,3.0,3.0,0.0,0.0,0.0,0.0,0.0
20261,A,골목상권,3110117,성동구보건소,CS200031,세탁소,1.0,1.0,0.0,0.0,0.0,0.0,0.0
20261,A,골목상권,3110117,성동구보건소,CS200032,가전제품수리,1.0,1.0,0.0,0.0,0.0,0.0,0.0
20261,A,골목상권,3110117,성동구보건소,CS200033,부동산중개업,1.0,1.0,0.0,0.0,0.0,0.0,0.0
20261,A,골목상권,3110117,성동구보건소,CS200034,여관,1.0,1.0,0.0,0.0,0.0,0.0,0.0
20261,A,골목상권,3110117,성동구보건소,CS200040,녹음실,1.0,1.0,0.0,0.0,0.0,0.0,0.0
20261,A,골목상권,3110117,성동구보건소,CS200043,건축물청소,1.0,1.0,0.0,0.0,0.0,0.0,0.0
20261,A,골목상권,3110117,성동구보건소,CS300001,슈퍼마켓,3.0,3.0,0.0,0.0,0.0,0.0,0.0
20261,A,골목상권,3110117,성동구보건소,CS300003,컴퓨터및주변장치판매,1.0,1.0,0.0,0.0,0.0,0.0,0.0
20261,A,골목상권,3110117,성동구보건소,CS300005,주류도매,2.0,2.0,0.0,0.0,0.0,0.0,0.0
20261,A,골목상권,3110117,성동구보건소,CS300007,육류판매,32.0,32.0,0.0,3.0,1.0,0.0,0.0
20261,A,골목상권,3110117,성동구보건소,CS300009,청과상,1.0,1.0,0.0,0.0,0.0,0.0,0.0
20261,A,골목상권,3110117,성동구보건소,CS300011,일반의류,1.0,1.0,0.0,0.0,0.0,0.0,0.0
20261,A,골목상권,3110117,성동구보건소,CS300013,유아의류,1.0,1.0,0.0,0.0,0.0,0.0,0.0
20261,A,골목상권,3110117,성동구보건소,CS300022,화장품,1.0,1.0,0.0,0.0,0.0,0.0,0.0
20261,A,골목상권,3110117,성동구보건소,CS300026,완구,1.0,1.0,0.0,0.0,0.0,0.0,0.0
20261,A,골목상권,3110117,성동구보건소,CS300031,가구,1.0,1.0,0.0,0.0,0.0,0.0,0.0
20261,A,골목상권,3110117,성동구보건소,CS300032,가전제품,3.0,3.0,0.0,0.0,0.0,0.0,0.0
20261,A,골목상권,3110117,성동구보건소,CS300035,인테리어,3.0,3.0,0.0,33.0,1.0,33.0,1.0
20261,A,골목상권,3110117,성동구보건소,CS300036,조명용품,3.0,3.0,0.0,0.0,0.0,0.0,0.0
20261,A,골목상권,3110117,성동구보건소,CS300040,재생용품 판매점,1.0,1.0,0.0,0.0,0.0,0.0,0.0
20261,A,골목상권,3110117,성동구보건소,CS300042,주유소,2.0,2.0,0.0,0.0,0.0,0.0,0.0
20261,A,골목상권,3110118,왕십리역 9번,CS100001,한식음식점,13.0,9.0,4.0,8.0,1.0,39.0,5.0
20261,A,골목상권,3110118,왕십리역 9번,CS100002,중식음식점,1.0,1.0,0.0,0.0,0.0,0.0,0.0
20261,A,골목상권,3110118,왕십리역 9번,CS100003,일식음식점,1.0,0.0,1.0,0.0,0.0,0.0,0.0
20261,A,골목상권,3110118,왕십리역 9번,CS100004,양식음식점,3.0,2.0,1.0,33.0,1.0,0.0,0.0
20261,A,골목상권,3110118,왕십리역 9번,CS100005,제과점,2.0,1.0,1.0,0.0,0.0,0.0,0.0
20261,A,골목상권,3110118,왕십리역 9번,CS100006,패스트푸드점,3.0,2.0,1.0,0.0,0.0,0.0,0.0
20261,A,골목상권,3110118,왕십리역 9번,CS100007,치킨전문점,3.0,0.0,3.0,0.0,0.0,0.0,0.0
20261,A,골목상권,3110118,왕십리역 9번,CS100008,분식전문점,3.0,3.0,0.0,33.0,1.0,0.0,0.0
20261,A,골목상권,3110118,왕십리역 9번,CS100009,호프-간이주점,2.0,2.0,0.0,0.0,0.0,0.0,0.0
20261,A,골목상권,3110118,왕십리역 9번,CS100010,커피-음료,7.0,4.0,3.0,14.0,1.0,0.0,0.0
20261,A,골목상권,3110118,왕십리역 9번,CS200001,일반교습학원,22.0,19.0,3.0,5.0,1.0,5.0,1.0
20261,A,골목상권,3110118,왕십리역 9번,CS200003,예술학원,11.0,11.0,0.0,0.0,0.0,0.0,0.0
20261,A,골목상권,3110118,왕십리역 9번,CS200005,스포츠 강습,5.0,5.0,0.0,0.0,0.0,0.0,0.0
20261,A,골목상권,3110118,왕십리역 9번,CS200006,일반의원,4.0,4.0,0.0,0.0,0.0,0.0,0.0
20261,A,골목상권,3110118,왕십리역 9번,CS200007,치과의원,3.0,3.0,0.0,0.0,0.0,0.0,0.0
20261,A,골목상권,3110118,왕십리역 9번,CS200008,한의원,1.0,1.0,0.0,0.0,0.0,0.0,0.0
20261,A,골목상권,3110118,왕십리역 9번,CS200009,동물병원,1.0,1.0,0.0,0.0,0.0,0.0,0.0
20261,A,골목상권,3110118,왕십리역 9번,CS200010,변호사사무소,1.0,1.0,0.0,0.0,0.0,0.0,0.0
20261,A,골목상권,3110118,왕십리역 9번,CS200015,세무사사무소,3.0,3.0,0.0,0.0,0.0,0.0,0.0
20261,A,골목상권,3110118,왕십리역 9번,CS200016,당구장,1.0,1.0,0.0,0.0,0.0,0.0,0.0
20261,A,골목상권,3110118,왕십리역 9번,CS200017,골프연습장,2.0,2.0,0.0,0.0,0.0,0.0,0.0
20261,A,골목상권,3110118,왕십리역 9번,CS200018,볼링장,1.0,1.0,0.0,0.0,0.0,0.0,0.0
20261,A,골목상권,3110118,왕십리역 9번,CS200022,복권방,1.0,1.0,0.0,0.0,0.0,0.0,0.0
20261,A,골목상권,3110118,왕십리역 9번,CS200028,미용실,14.0,14.0,0.0,0.0,0.0,0.0,0.0
20261,A,골목상권,3110118,왕십리역 9번,CS200029,네일숍,2.0,2.0,0.0,0.0,0.0,0.0,0.0
20261,A,골목상권,3110118,왕십리역 9번,CS200030,피부관리실,6.0,6.0,0.0,0.0,0.0,0.0,0.0
20261,A,골목상권,3110118,왕십리역 9번,CS200033,부동산중개업,9.0,9.0,0.0,0.0,0.0,0.0,0.0
20261,A,골목상권,3110118,왕십리역 9번,CS200038,독서실,1.0,1.0,0.0,0.0,0.0,0.0,0.0
20261,A,골목상권,3110118,왕십리역 9번,CS200040,녹음실,2.0,2.0,0.0,0.0,0.0,0.0,0.0
20261,A,골목상권,3110118,왕십리역 9번,CS200043,건축물청소,1.0,1.0,0.0,0.0,0.0,0.0,0.0
20261,A,골목상권,3110118,왕십리역 9번,CS200046,의류임대,2.0,2.0,0.0,0.0,0.0,0.0,0.0
20261,A,골목상권,3110118,왕십리역 9번,CS300001,슈퍼마켓,5.0,4.0,1.0,20.0,1.0,0.0,0.0
20261,A,골목상권,3110118,왕십리역 9번,CS300002,편의점,2.0,0.0,2.0,0.0,0.0,0.0,0.0
20261,A,골목상권,3110118,왕십리역 9번,CS300004,핸드폰,1.0,1.0,0.0,0.0,0.0,0.0,0.0
20261,A,골목상권,3110118,왕십리역 9번,CS300006,미곡판매,2.0,2.0,0.0,0.0,0.0,0.0,0.0
20261,A,골목상권,3110118,왕십리역 9번,CS300007,육류판매,2.0,2.0,0.0,0.0,0.0,0.0,0.0
20261,A,골목상권,3110118,왕십리역 9번,CS300008,수산물판매,2.0,2.0,0.0,0.0,0.0,0.0,0.0
20261,A,골목상권,3110118,왕십리역 9번,CS300009,청과상,1.0,1.0,0.0,0.0,0.0,0.0,0.0
20261,A,골목상권,3110118,왕십리역 9번,CS300010,반찬가게,1.0,1.0,0.0,0.0,0.0,0.0,0.0
20261,A,골목상권,3110118,왕십리역 9번,CS300011,일반의류,5.0,5.0,0.0,0.0,0.0,0.0,0.0
20261,A,골목상권,3110118,왕십리역 9번,CS300014,신발,1.0,1.0,0.0,0.0,0.0,0.0,0.0
20261,A,골목상권,3110118,왕십리역 9번,CS300016,안경,1.0,1.0,0.0,0.0,0.0,0.0,0.0
20261,A,골목상권,3110118,왕십리역 9번,CS300017,시계및귀금속,1.0,1.0,0.0,0.0,0.0,0.0,0.0
20261,A,골목상권,3110118,왕십리역 9번,CS300018,의약품,4.0,4.0,0.0,0.0,0.0,25.0,1.0
20261,A,골목상권,3110118,왕십리역 9번,CS300020,서적,1.0,0.0,1.0,0.0,0.0,0.0,0.0
20261,A,골목상권,3110118,왕십리역 9번,CS300021,문구,2.0,2.0,0.0,0.0,0.0,0.0,0.0
20261,A,골목상권,3110118,왕십리역 9번,CS300022,화장품,1.0,1.0,0.0,0.0,0.0,0.0,0.0
20261,A,골목상권,3110118,왕십리역 9번,CS300024,운동/경기용품,2.0,2.0,0.0,0.0,0.0,0.0,0.0
20261,A,골목상권,3110118,왕십리역 9번,CS300026,완구,1.0,1.0,0.0,0.0,0.0,0.0,0.0
20261,A,골목상권,3110118,왕십리역 9번,CS300029,애완동물,4.0,4.0,0.0,0.0,0.0,0.0,0.0
20261,A,골목상권,3110118,왕십리역 9번,CS300032,가전제품,2.0,2.0,0.0,0.0,0.0,0.0,0.0
20261,A,골목상권,3110118,왕십리역 9번,CS300033,철물점,1.0,1.0,0.0,0.0,0.0,100.0,1.0
20261,A,골목상권,3110118,왕십리역 9번,CS300036,조명용품,3.0,3.0,0.0,0.0,0.0,0.0,0.0
20261,A,골목상권,3110118,왕십리역 9번,CS300039,모터사이클및부품,1.0,1.0,0.0,0.0,0.0,0.0,0.0
20261,A,골목상권,3110118,왕십리역 9번,CS300043,전자상거래업,1.0,1.0,0.0,0.0,0.0,0.0,0.0
20261,A,골목상권,3110119,마장지하차도,CS100001,한식음식점,3.0,3.0,0.0,0.0,0.0,0.0,0.0
20261,A,골목상권,3110119,마장지하차도,CS100006,패스트푸드점,1.0,0.0,1.0,0.0,0.0,0.0,0.0
20261,A,골목상권,3110119,마장지하차도,CS100008,분식전문점,1.0,1.0,0.0,0.0,0.0,0.0,0.0
20261,A,골목상권,3110119,마장지하차도,CS100009,호프-간이주점,2.0,2.0,0.0,0.0,0.0,0.0,0.0
20261,A,골목상권,3110119,마장지하차도,CS100010,커피-음료,1.0,1.0,0.0,0.0,0.0,0.0,0.0
20261,A,골목상권,3110119,마장지하차도,CS200015,세무사사무소,1.0,1.0,0.0,0.0,0.0,0.0,0.0
20261,A,골목상권,3110119,마장지하차도,CS200017,골프연습장,2.0,2.0,0.0,0.0,0.0,0.0,0.0
20261,A,골목상권,3110119,마장지하차도,CS200025,자동차수리,1.0,1.0,0.0,0.0,0.0,0.0,0.0
20261,A,골목상권,3110119,마장지하차도,CS200027,모터사이클수리,1.0,1.0,0.0,0.0,0.0,0.0,0.0
20261,A,골목상권,3110119,마장지하차도,CS200032,가전제품수리,2.0,2.0,0.0,0.0,0.0,0.0,0.0
20261,A,골목상권,3110119,마장지하차도,CS200033,부동산중개업,1.0,1.0,0.0,0.0,0.0,0.0,0.0
20261,A,골목상권,3110119,마장지하차도,CS200034,여관,1.0,1.0,0.0,0.0,0.0,0.0,0.0
20261,A,골목상권,3110119,마장지하차도,CS200041,사진관,1.0,1.0,0.0,0.0,0.0,0.0,0.0
20261,A,골목상권,3110119,마장지하차도,CS200044,여행사,1.0,1.0,0.0,0.0,0.0,0.0,0.0
20261,A,골목상권,3110119,마장지하차도,CS300001,슈퍼마켓,1.0,1.0,0.0,0.0,0.0,0.0,0.0
20261,A,골목상권,3110119,마장지하차도,CS300007,육류판매,55.0,55.0,0.0,0.0,0.0,4.0,2.0
20261,A,골목상권,3110119,마장지하차도,CS300011,일반의류,2.0,2.0,0.0,0.0,0.0,0.0,0.0
20261,A,골목상권,3110119,마장지하차도,CS300024,운동/경기용품,1.0,1.0,0.0,0.0,0.0,0.0,0.0
20261,A,골목상권,3110119,마장지하차도,CS300036,조명용품,1.0,1.0,0.0,0.0,0.0,0.0,0.0
20261,A,골목상권,3110119,마장지하차도,CS300037,중고차판매,1.0,1.0,0.0,0.0,0.0,0.0,0.0
20261,A,골목상권,3110120,서울숲카페거리,CS100001,한식음식점,10.0,10.0,0.0,0.0,0.0,0.0,0.0
20261,A,골목상권,3110120,서울숲카페거리,CS100003,일식음식점,2.0,2.0,0.0,0.0,0.0,0.0,0.0
20261,A,골목상권,3110120,서울숲카페거리,CS100004,양식음식점,19.0,19.0,0.0,0.0,0.0,0.0,0.0
20261,A,골목상권,3110120,서울숲카페거리,CS100005,제과점,11.0,11.0,0.0,0.0,0.0,18.0,2.0
20261,A,골목상권,3110120,서울숲카페거리,CS100006,패스트푸드점,4.0,4.0,0.0,0.0,0.0,0.0,0.0
20261,A,골목상권,3110120,서울숲카페거리,CS100008,분식전문점,5.0,5.0,0.0,20.0,1.0,0.0,0.0
20261,A,골목상권,3110120,서울숲카페거리,CS100009,호프-간이주점,4.0,4.0,0.0,0.0,0.0,0.0,0.0
20261,A,골목상권,3110120,서울숲카페거리,CS100010,커피-음료,34.0,34.0,0.0,3.0,1.0,6.0,2.0
20261,A,골목상권,3110120,서울숲카페거리,CS200001,일반교습학원,2.0,2.0,0.0,0.0,0.0,0.0,0.0
20261,A,골목상권,3110120,서울숲카페거리,CS200002,외국어학원,1.0,1.0,0.0,0.0,0.0,0.0,0.0
20261,A,골목상권,3110120,서울숲카페거리,CS200003,예술학원,3.0,3.0,0.0,0.0,0.0,33.0,1.0
20261,A,골목상권,3110120,서울숲카페거리,CS200005,스포츠 강습,1.0,1.0,0.0,100.0,1.0,0.0,0.0
20261,A,골목상권,3110120,서울숲카페거리,CS200019,PC방,1.0,1.0,0.0,0.0,0.0,0.0,0.0
20261,A,골목상권,3110120,서울숲카페거리,CS200028,미용실,4.0,3.0,1.0,0.0,0.0,0.0,0.0
20261,A,골목상권,3110120,서울숲카페거리,CS200033,부동산중개업,6.0,6.0,0.0,0.0,0.0,0.0,0.0
20261,A,골목상권,3110120,서울숲카페거리,CS200041,사진관,8.0,7.0,1.0,0.0,0.0,0.0,0.0
20261,A,골목상권,3110120,서울숲카페거리,CS200042,통번역서비스,1.0,1.0,0.0,0.0,0.0,0.0,0.0
20261,A,골목상권,3110120,서울숲카페거리,CS300001,슈퍼마켓,4.0,3.0,1.0,0.0,0.0,0.0,0.0
20261,A,골목상권,3110120,서울숲카페거리,CS300003,컴퓨터및주변장치판매,1.0,1.0,0.0,0.0,0.0,0.0,0.0
20261,A,골목상권,3110120,서울숲카페거리,CS300010,반찬가게,1.0,1.0,0.0,0.0,0.0,0.0,0.0
20261,A,골목상권,3110120,서울숲카페거리,CS300011,일반의류,25.0,25.0,0.0,4.0,1.0,4.0,1.0
20261,A,골목상권,3110120,서울숲카페거리,CS300013,유아의류,1.0,1.0,0.0,0.0,0.0,0.0,0.0
20261,A,골목상권,3110120,서울숲카페거리,CS300014,신발,1.0,1.0,0.0,0.0,0.0,0.0,0.0
20261,A,골목상권,3110120,서울숲카페거리,CS300015,가방,8.0,8.0,0.0,0.0,0.0,0.0,0.0
20261,A,골목상권,3110120,서울숲카페거리,CS300016,안경,8.0,8.0,0.0,25.0,2.0,0.0,0.0
20261,A,골목상권,3110120,서울숲카페거리,CS300019,의료기기,1.0,1.0,0.0,0.0,0.0,0.0,0.0
20261,A,골목상권,3110120,서울숲카페거리,CS300020,서적,1.0,1.0,0.0,0.0,0.0,0.0,0.0
20261,A,골목상권,3110120,서울숲카페거리,CS300021,문구,2.0,2.0,0.0,0.0,0.0,0.0,0.0
20261,A,골목상권,3110120,서울숲카페거리,CS300022,화장품,5.0,5.0,0.0,0.0,0.0,0.0,0.0
20261,A,골목상권,3110120,서울숲카페거리,CS300023,미용재료,1.0,1.0,0.0,0.0,0.0,0.0,0.0
20261,A,골목상권,3110120,서울숲카페거리,CS300025,자전거 및 기타운송장비,1.0,1.0,0.0,0.0,0.0,0.0,0.0
20261,A,골목상권,3110120,서울숲카페거리,CS300028,화초,1.0,1.0,0.0,0.0,0.0,0.0,0.0
20261,A,골목상권,3110120,서울숲카페거리,CS300035,인테리어,1.0,1.0,0.0,0.0,0.0,0.0,0.0
20261,A,골목상권,3110120,서울숲카페거리,CS300038,자동차부품,1.0,1.0,0.0,0.0,0.0,0.0,0.0
20261,A,골목상권,3110120,서울숲카페거리,CS300041,예술품,2.0,2.0,0.0,0.0,0.0,0.0,0.0
20261,A,골목상권,3110121,한양대역 4번,CS100001,한식음식점,8.0,8.0,0.0,0.0,0.0,0.0,0.0
20261,A,골목상권,3110121,한양대역 4번,CS100002,중식음식점,1.0,1.0,0.0,0.0,0.0,0.0,0.0
20261,A,골목상권,3110121,한양대역 4번,CS100003,일식음식점,1.0,1.0,0.0,0.0,0.0,0.0,0.0
20261,A,골목상권,3110121,한양대역 4번,CS100004,양식음식점,5.0,5.0,0.0,0.0,0.0,0.0,0.0
20261,A,골목상권,3110121,한양대역 4번,CS100005,제과점,1.0,1.0,0.0,0.0,0.0,0.0,0.0
20261,A,골목상권,3110121,한양대역 4번,CS100006,패스트푸드점,4.0,1.0,3.0,25.0,1.0,0.0,0.0
20261,A,골목상권,3110121,한양대역 4번,CS100008,분식전문점,3.0,3.0,0.0,0.0,0.0,0.0,0.0
20261,A,골목상권,3110121,한양대역 4번,CS100010,커피-음료,3.0,3.0,0.0,0.0,0.0,0.0,0.0
20261,A,골목상권,3110121,한양대역 4번,CS200001,일반교습학원,1.0,1.0,0.0,0.0,0.0,0.0,0.0
20261,A,골목상권,3110121,한양대역 4번,CS200003,예술학원,1.0,1.0,0.0,0.0,0.0,0.0,0.0
20261,A,골목상권,3110121,한양대역 4번,CS200005,스포츠 강습,1.0,1.0,0.0,0.0,0.0,0.0,0.0
20261,A,골목상권,3110121,한양대역 4번,CS200015,세무사사무소,1.0,1.0,0.0,0.0,0.0,0.0,0.0
20261,A,골목상권,3110121,한양대역 4번,CS200016,당구장,1.0,1.0,0.0,0.0,0.0,0.0,0.0
20261,A,골목상권,3110121,한양대역 4번,CS200029,네일숍,1.0,1.0,0.0,0.0,0.0,0.0,0.0
20261,A,골목상권,3110121,한양대역 4번,CS200030,피부관리실,1.0,1.0,0.0,0.0,0.0,0.0,0.0
20261,A,골목상권,3110121,한양대역 4번,CS200031,세탁소,1.0,0.0,1.0,0.0,0.0,0.0,0.0
20261,A,골목상권,3110121,한양대역 4번,CS200033,부동산중개업,7.0,6.0,1.0,0.0,0.0,0.0,0.0
20261,A,골목상권,3110121,한양대역 4번,CS200034,여관,3.0,3.0,0.0,0.0,0.0,0.0,0.0
20261,A,골목상권,3110121,한양대역 4번,CS200036,고시원,3.0,3.0,0.0,0.0,0.0,0.0,0.0
20261,A,골목상권,3110121,한양대역 4번,CS200038,독서실,3.0,2.0,1.0,0.0,0.0,0.0,0.0
20261,A,골목상권,3110121,한양대역 4번,CS200041,사진관,2.0,2.0,0.0,0.0,0.0,0.0,0.0
20261,A,골목상권,3110121,한양대역 4번,CS300002,편의점,3.0,2.0,1.0,0.0,0.0,0.0,0.0
20261,A,골목상권,3110121,한양대역 4번,CS300021,문구,1.0,1.0,0.0,0.0,0.0,0.0,0.0
20261,A,골목상권,3110121,한양대역 4번,CS300022,화장품,1.0,1.0,0.0,0.0,0.0,0.0,0.0
20261,A,골목상권,3110121,한양대역 4번,CS300025,자전거 및 기타운송장비,1.0,1.0,0.0,0.0,0.0,0.0,0.0
20261,A,골목상권,3110122,마장역 2번,CS100001,한식음식점,16.0,16.0,0.0,6.0,1.0,6.0,1.0
20261,A,골목상권,3110122,마장역 2번,CS100005,제과점,1.0,0.0,1.0,0.0,0.0,0.0,0.0
20261,A,골목상권,3110122,마장역 2번,CS100006,패스트푸드점,2.0,1.0,1.0,0.0,0.0,0.0,0.0
20261,A,골목상권,3110122,마장역 2번,CS100007,치킨전문점,2.0,0.0,2.0,0.0,0.0,0.0,0.0
20261,A,골목상권,3110122,마장역 2번,CS100008,분식전문점,3.0,3.0,0.0,0.0,0.0,33.0,1.0
20261,A,골목상권,3110122,마장역 2번,CS100009,호프-간이주점,4.0,2.0,2.0,0.0,0.0,0.0,0.0
20261,A,골목상권,3110122,마장역 2번,CS100010,커피-음료,6.0,3.0,3.0,0.0,0.0,17.0,1.0
20261,A,골목상권,3110122,마장역 2번,CS200001,일반교습학원,4.0,4.0,0.0,25.0,1.0,25.0,1.0
20261,A,골목상권,3110122,마장역 2번,CS200003,예술학원,5.0,5.0,0.0,0.0,0.0,0.0,0.0
20261,A,골목상권,3110122,마장역 2번,CS200005,스포츠 강습,2.0,2.0,0.0,0.0,0.0,0.0,0.0
20261,A,골목상권,3110122,마장역 2번,CS200006,일반의원,4.0,4.0,0.0,0.0,0.0,0.0,0.0
20261,A,골목상권,3110122,마장역 2번,CS200007,치과의원,2.0,2.0,0.0,0.0,0.0,0.0,0.0
20261,A,골목상권,3110122,마장역 2번,CS200008,한의원,3.0,3.0,0.0,0.0,0.0,0.0,0.0
20261,A,골목상권,3110122,마장역 2번,CS200010,변호사사무소,0.0,0.0,0.0,0.0,0.0,0.0,1.0
20261,A,골목상권,3110122,마장역 2번,CS200016,당구장,3.0,3.0,0.0,0.0,0.0,0.0,0.0
20261,A,골목상권,3110122,마장역 2번,CS200017,골프연습장,3.0,3.0,0.0,0.0,0.0,0.0,0.0
20261,A,골목상권,3110122,마장역 2번,CS200019,PC방,1.0,1.0,0.0,0.0,0.0,0.0,0.0
20261,A,골목상권,3110122,마장역 2번,CS200024,스포츠클럽,2.0,2.0,0.0,0.0,0.0,0.0,0.0
20261,A,골목상권,3110122,마장역 2번,CS200025,자동차수리,1.0,1.0,0.0,0.0,0.0,0.0,0.0
20261,A,골목상권,3110122,마장역 2번,CS200026,자동차미용,1.0,1.0,0.0,0.0,0.0,0.0,0.0
20261,A,골목상권,3110122,마장역 2번,CS200028,미용실,4.0,2.0,2.0,0.0,0.0,0.0,0.0
20261,A,골목상권,3110122,마장역 2번,CS200030,피부관리실,3.0,3.0,0.0,0.0,0.0,0.0,0.0
20261,A,골목상권,3110122,마장역 2번,CS200031,세탁소,3.0,2.0,1.0,0.0,0.0,0.0,0.0
20261,A,골목상권,3110122,마장역 2번,CS200032,가전제품수리,1.0,1.0,0.0,0.0,0.0,0.0,0.0
20261,A,골목상권,3110122,마장역 2번,CS200033,부동산중개업,5.0,5.0,0.0,0.0,0.0,0.0,0.0
20261,A,골목상권,3110122,마장역 2번,CS200037,노래방,4.0,4.0,0.0,0.0,0.0,0.0,0.0
20261,A,골목상권,3110122,마장역 2번,CS200043,건축물청소,2.0,2.0,0.0,0.0,0.0,0.0,0.0
20261,A,골목상권,3110122,마장역 2번,CS200045,비디오/서적임대,1.0,1.0,0.0,0.0,0.0,0.0,0.0
20261,A,골목상권,3110122,마장역 2번,CS300001,슈퍼마켓,4.0,3.0,1.0,0.0,0.0,0.0,0.0
20261,A,골목상권,3110122,마장역 2번,CS300002,편의점,2.0,0.0,2.0,0.0,0.0,0.0,0.0
20261,A,골목상권,3110122,마장역 2번,CS300004,핸드폰,2.0,2.0,0.0,0.0,0.0,0.0,0.0
20261,A,골목상권,3110122,마장역 2번,CS300006,미곡판매,1.0,1.0,0.0,0.0,0.0,0.0,0.0
20261,A,골목상권,3110122,마장역 2번,CS300007,육류판매,69.0,69.0,0.0,0.0,0.0,3.0,2.0
20261,A,골목상권,3110122,마장역 2번,CS300009,청과상,3.0,3.0,0.0,0.0,0.0,0.0,0.0
20261,A,골목상권,3110122,마장역 2번,CS300010,반찬가게,3.0,3.0,0.0,0.0,0.0,0.0,0.0
20261,A,골목상권,3110122,마장역 2번,CS300011,일반의류,4.0,4.0,0.0,0.0,0.0,25.0,1.0
20261,A,골목상권,3110122,마장역 2번,CS300015,가방,1.0,1.0,0.0,0.0,0.0,0.0,0.0
20261,A,골목상권,3110122,마장역 2번,CS300017,시계및귀금속,2.0,2.0,0.0,0.0,0.0,0.0,0.0
20261,A,골목상권,3110122,마장역 2번,CS300018,의약품,4.0,4.0,0.0,0.0,0.0,0.0,0.0
20261,A,골목상권,3110122,마장역 2번,CS300019,의료기기,1.0,1.0,0.0,0.0,0.0,0.0,0.0
20261,A,골목상권,3110122,마장역 2번,CS300020,서적,2.0,2.0,0.0,0.0,0.0,0.0,0.0
20261,A,골목상권,3110122,마장역 2번,CS300021,문구,1.0,1.0,0.0,0.0,0.0,0.0,0.0
20261,A,골목상권,3110122,마장역 2번,CS300022,화장품,2.0,2.0,0.0,0.0,0.0,0.0,0.0
20261,A,골목상권,3110122,마장역 2번,CS300024,운동/경기용품,1.0,1.0,0.0,0.0,0.0,0.0,0.0
20261,A,골목상권,3110122,마장역 2번,CS300027,섬유제품,1.0,1.0,0.0,0.0,0.0,0.0,0.0
20261,A,골목상권,3110122,마장역 2번,CS300029,애완동물,2.0,1.0,1.0,0.0,0.0,0.0,0.0
20261,A,골목상권,3110122,마장역 2번,CS300031,가구,1.0,1.0,0.0,0.0,0.0,0.0,0.0
20261,A,골목상권,3110122,마장역 2번,CS300032,가전제품,2.0,2.0,0.0,0.0,0.0,0.0,0.0
20261,A,골목상권,3110122,마장역 2번,CS300038,자동차부품,2.0,2.0,0.0,0.0,0.0,0.0,0.0
20261,A,골목상권,3110122,마장역 2번,CS300040,재생용품 판매점,1.0,1.0,0.0,0.0,0.0,0.0,0.0
20261,A,골목상권,3110122,마장역 2번,CS300042,주유소,3.0,3.0,0.0,0.0,0.0,0.0,0.0
20261,A,골목상권,3110122,마장역 2번,CS300043,전자상거래업,3.0,3.0,0.0,0.0,0.0,33.0,1.0
20261,A,골목상권,3110123,마장역 3번,CS100001,한식음식점,13.0,12.0,1.0,8.0,1.0,0.0,0.0
20261,A,골목상권,3110123,마장역 3번,CS100003,일식음식점,1.0,1.0,0.0,0.0,0.0,0.0,0.0
20261,A,골목상권,3110123,마장역 3번,CS100004,양식음식점,1.0,1.0,0.0,0.0,0.0,0.0,0.0
20261,A,골목상권,3110123,마장역 3번,CS100005,제과점,1.0,1.0,0.0,0.0,0.0,0.0,0.0
20261,A,골목상권,3110123,마장역 3번,CS100006,패스트푸드점,1.0,1.0,0.0,0.0,0.0,0.0,0.0
20261,A,골목상권,3110123,마장역 3번,CS100007,치킨전문점,1.0,0.0,1.0,0.0,0.0,0.0,0.0
20261,A,골목상권,3110123,마장역 3번,CS100008,분식전문점,1.0,1.0,0.0,0.0,0.0,0.0,0.0
20261,A,골목상권,3110123,마장역 3번,CS100009,호프-간이주점,2.0,2.0,0.0,0.0,0.0,0.0,0.0
20261,A,골목상권,3110123,마장역 3번,CS100010,커피-음료,2.0,2.0,0.0,0.0,0.0,0.0,0.0
20261,A,골목상권,3110123,마장역 3번,CS200001,일반교습학원,2.0,2.0,0.0,0.0,0.0,0.0,0.0
20261,A,골목상권,3110123,마장역 3번,CS200005,스포츠 강습,4.0,4.0,0.0,0.0,0.0,0.0,0.0
20261,A,골목상권,3110123,마장역 3번,CS200006,일반의원,2.0,2.0,0.0,0.0,0.0,0.0,0.0
20261,A,골목상권,3110123,마장역 3번,CS200007,치과의원,1.0,1.0,0.0,0.0,0.0,0.0,0.0
20261,A,골목상권,3110123,마장역 3번,CS200009,동물병원,1.0,1.0,0.0,0.0,0.0,0.0,0.0
20261,A,골목상권,3110123,마장역 3번,CS200012,법무사사무소,1.0,1.0,0.0,0.0,0.0,0.0,0.0
20261,A,골목상권,3110123,마장역 3번,CS200015,세무사사무소,2.0,2.0,0.0,0.0,0.0,0.0,0.0
20261,A,골목상권,3110123,마장역 3번,CS200016,당구장,1.0,1.0,0.0,0.0,0.0,0.0,0.0
20261,A,골목상권,3110123,마장역 3번,CS200017,골프연습장,1.0,1.0,0.0,0.0,0.0,0.0,0.0
20261,A,골목상권,3110123,마장역 3번,CS200022,복권방,3.0,3.0,0.0,0.0,0.0,0.0,0.0
20261,A,골목상권,3110123,마장역 3번,CS200024,스포츠클럽,2.0,2.0,0.0,0.0,0.0,0.0,0.0
20261,A,골목상권,3110123,마장역 3번,CS200025,자동차수리,6.0,6.0,0.0,0.0,0.0,0.0,0.0
20261,A,골목상권,3110123,마장역 3번,CS200026,자동차미용,1.0,1.0,0.0,0.0,0.0,0.0,0.0
20261,A,골목상권,3110123,마장역 3번,CS200028,미용실,2.0,2.0,0.0,0.0,0.0,0.0,0.0
20261,A,골목상권,3110123,마장역 3번,CS200031,세탁소,1.0,1.0,0.0,0.0,0.0,0.0,0.0
20261,A,골목상권,3110123,마장역 3번,CS200033,부동산중개업,11.0,11.0,0.0,0.0,0.0,0.0,0.0
20261,A,골목상권,3110123,마장역 3번,CS200037,노래방,1.0,1.0,0.0,0.0,0.0,0.0,0.0
20261,A,골목상권,3110123,마장역 3번,CS200038,독서실,1.0,1.0,0.0,0.0,0.0,0.0,0.0
20261,A,골목상권,3110123,마장역 3번,CS200040,녹음실,1.0,1.0,0.0,0.0,0.0,0.0,0.0
20261,A,골목상권,3110123,마장역 3번,CS200043,건축물청소,5.0,5.0,0.0,0.0,0.0,0.0,0.0
20261,A,골목상권,3110123,마장역 3번,CS300001,슈퍼마켓,5.0,5.0,0.0,0.0,0.0,0.0,0.0
20261,A,골목상권,3110123,마장역 3번,CS300002,편의점,4.0,2.0,2.0,0.0,0.0,25.0,1.0
20261,A,골목상권,3110123,마장역 3번,CS300004,핸드폰,2.0,2.0,0.0,0.0,0.0,0.0,0.0
20261,A,골목상권,3110123,마장역 3번,CS300007,육류판매,28.0,28.0,0.0,4.0,1.0,4.0,1.0
20261,A,골목상권,3110123,마장역 3번,CS300008,수산물판매,1.0,1.0,0.0,0.0,0.0,0.0,0.0
20261,A,골목상권,3110123,마장역 3번,CS300009,청과상,2.0,2.0,0.0,0.0,0.0,0.0,0.0
20261,A,골목상권,3110123,마장역 3번,CS300010,반찬가게,4.0,4.0,0.0,0.0,0.0,0.0,0.0
20261,A,골목상권,3110123,마장역 3번,CS300011,일반의류,7.0,7.0,0.0,0.0,0.0,0.0,0.0
20261,A,골목상권,3110123,마장역 3번,CS300018,의약품,2.0,2.0,0.0,0.0,0.0,0.0,0.0
20261,A,골목상권,3110123,마장역 3번,CS300021,문구,1.0,1.0,0.0,0.0,0.0,0.0,0.0
20261,A,골목상권,3110123,마장역 3번,CS300022,화장품,2.0,2.0,0.0,0.0,0.0,50.0,1.0
20261,A,골목상권,3110123,마장역 3번,CS300023,미용재료,1.0,1.0,0.0,0.0,0.0,0.0,0.0
20261,A,골목상권,3110123,마장역 3번,CS300025,자전거 및 기타운송장비,1.0,1.0,0.0,0.0,0.0,0.0,0.0
20261,A,골목상권,3110123,마장역 3번,CS300027,섬유제품,1.0,1.0,0.0,0.0,0.0,0.0,0.0
20261,A,골목상권,3110123,마장역 3번,CS300028,화초,1.0,1.0,0.0,0.0,0.0,0.0,0.0
20261,A,골목상권,3110123,마장역 3번,CS300031,가구,1.0,1.0,0.0,0.0,0.0,0.0,0.0
20261,A,골목상권,3110123,마장역 3번,CS300032,가전제품,2.0,2.0,0.0,0.0,0.0,0.0,0.0
20261,A,골목상권,3110123,마장역 3번,CS300035,인테리어,1.0,1.0,0.0,0.0,0.0,0.0,0.0
20261,A,골목상권,3110123,마장역 3번,CS300036,조명용품,2.0,2.0,0.0,0.0,0.0,0.0,0.0
20261,A,골목상권,3110123,마장역 3번,CS300038,자동차부품,1.0,1.0,0.0,0.0,0.0,0.0,0.0
20261,A,골목상권,3110123,마장역 3번,CS300040,재생용품 판매점,2.0,2.0,0.0,0.0,0.0,0.0,0.0
20261,A,골목상권,3110123,마장역 3번,CS300043,전자상거래업,3.0,3.0,0.0,0.0,0.0,0.0,0.0
20261,A,골목상권,3110124,뚝섬역교차로,CS100001,한식음식점,12.0,12.0,0.0,0.0,0.0,0.0,0.0
20261,A,골목상권,3110124,뚝섬역교차로,CS100003,일식음식점,4.0,4.0,0.0,0.0,0.0,0.0,0.0
20261,A,골목상권,3110124,뚝섬역교차로,CS100004,양식음식점,4.0,4.0,0.0,0.0,0.0,0.0,0.0
20261,A,골목상권,3110124,뚝섬역교차로,CS100005,제과점,6.0,6.0,0.0,17.0,1.0,0.0,0.0
20261,A,골목상권,3110124,뚝섬역교차로,CS100006,패스트푸드점,1.0,1.0,0.0,0.0,0.0,0.0,0.0
20261,A,골목상권,3110124,뚝섬역교차로,CS100008,분식전문점,2.0,2.0,0.0,0.0,0.0,0.0,0.0
20261,A,골목상권,3110124,뚝섬역교차로,CS100009,호프-간이주점,3.0,2.0,1.0,0.0,0.0,67.0,2.0
20261,A,골목상권,3110124,뚝섬역교차로,CS100010,커피-음료,15.0,11.0,4.0,7.0,1.0,0.0,0.0
20261,A,골목상권,3110124,뚝섬역교차로,CS200001,일반교습학원,5.0,5.0,0.0,0.0,0.0,0.0,0.0
20261,A,골목상권,3110124,뚝섬역교차로,CS200002,외국어학원,1.0,1.0,0.0,0.0,0.0,0.0,0.0
20261,A,골목상권,3110124,뚝섬역교차로,CS200003,예술학원,3.0,3.0,0.0,0.0,0.0,0.0,0.0
20261,A,골목상권,3110124,뚝섬역교차로,CS200004,컴퓨터학원,1.0,1.0,0.0,0.0,0.0,0.0,0.0
20261,A,골목상권,3110124,뚝섬역교차로,CS200005,스포츠 강습,2.0,2.0,0.0,0.0,0.0,0.0,0.0
20261,A,골목상권,3110124,뚝섬역교차로,CS200006,일반의원,2.0,2.0,0.0,0.0,0.0,0.0,0.0
20261,A,골목상권,3110124,뚝섬역교차로,CS200010,변호사사무소,5.0,5.0,0.0,0.0,0.0,0.0,0.0
20261,A,골목상권,3110124,뚝섬역교차로,CS200011,변리사사무소,2.0,2.0,0.0,0.0,0.0,0.0,0.0
20261,A,골목상권,3110124,뚝섬역교차로,CS200012,법무사사무소,3.0,3.0,0.0,33.0,1.0,0.0,0.0
20261,A,골목상권,3110124,뚝섬역교차로,CS200014,회계사사무소,4.0,4.0,0.0,0.0,0.0,0.0,0.0
20261,A,골목상권,3110124,뚝섬역교차로,CS200015,세무사사무소,6.0,6.0,0.0,0.0,0.0,0.0,0.0
20261,A,골목상권,3110124,뚝섬역교차로,CS200021,기타오락장,2.0,2.0,0.0,0.0,0.0,0.0,0.0
20261,A,골목상권,3110124,뚝섬역교차로,CS200025,자동차수리,4.0,4.0,0.0,0.0,0.0,0.0,0.0
20261,A,골목상권,3110124,뚝섬역교차로,CS200026,자동차미용,2.0,2.0,0.0,0.0,0.0,0.0,0.0
20261,A,골목상권,3110124,뚝섬역교차로,CS200027,모터사이클수리,0.0,0.0,0.0,0.0,0.0,0.0,1.0
20261,A,골목상권,3110124,뚝섬역교차로,CS200028,미용실,6.0,6.0,0.0,0.0,0.0,0.0,0.0
20261,A,골목상권,3110124,뚝섬역교차로,CS200029,네일숍,1.0,1.0,0.0,0.0,0.0,0.0,0.0
20261,A,골목상권,3110124,뚝섬역교차로,CS200033,부동산중개업,10.0,10.0,0.0,0.0,0.0,0.0,0.0
20261,A,골목상권,3110124,뚝섬역교차로,CS200041,사진관,7.0,7.0,0.0,0.0,0.0,14.0,1.0
20261,A,골목상권,3110124,뚝섬역교차로,CS200042,통번역서비스,2.0,2.0,0.0,0.0,0.0,0.0,0.0
20261,A,골목상권,3110124,뚝섬역교차로,CS200043,건축물청소,2.0,2.0,0.0,0.0,0.0,0.0,0.0
20261,A,골목상권,3110124,뚝섬역교차로,CS200044,여행사,2.0,2.0,0.0,0.0,0.0,0.0,0.0
20261,A,골목상권,3110124,뚝섬역교차로,CS300001,슈퍼마켓,3.0,3.0,0.0,0.0,0.0,0.0,0.0
20261,A,골목상권,3110124,뚝섬역교차로,CS300002,편의점,5.0,1.0,4.0,0.0,0.0,0.0,0.0
20261,A,골목상권,3110124,뚝섬역교차로,CS300003,컴퓨터및주변장치판매,3.0,3.0,0.0,0.0,0.0,0.0,0.0
20261,A,골목상권,3110124,뚝섬역교차로,CS300004,핸드폰,3.0,3.0,0.0,0.0,0.0,0.0,0.0
20261,A,골목상권,3110124,뚝섬역교차로,CS300007,육류판매,1.0,1.0,0.0,0.0,0.0,0.0,0.0
20261,A,골목상권,3110124,뚝섬역교차로,CS300010,반찬가게,9.0,9.0,0.0,0.0,0.0,0.0,0.0
20261,A,골목상권,3110124,뚝섬역교차로,CS300011,일반의류,23.0,23.0,0.0,4.0,1.0,0.0,0.0
20261,A,골목상권,3110124,뚝섬역교차로,CS300013,유아의류,1.0,1.0,0.0,100.0,1.0,0.0,0.0
20261,A,골목상권,3110124,뚝섬역교차로,CS300014,신발,3.0,3.0,0.0,0.0,0.0,0.0,0.0
20261,A,골목상권,3110124,뚝섬역교차로,CS300015,가방,3.0,3.0,0.0,0.0,0.0,0.0,0.0
20261,A,골목상권,3110124,뚝섬역교차로,CS300018,의약품,1.0,1.0,0.0,0.0,0.0,0.0,0.0
20261,A,골목상권,3110124,뚝섬역교차로,CS300019,의료기기,3.0,3.0,0.0,0.0,0.0,0.0,0.0
20261,A,골목상권,3110124,뚝섬역교차로,CS300020,서적,4.0,4.0,0.0,0.0,0.0,0.0,0.0
20261,A,골목상권,3110124,뚝섬역교차로,CS300021,문구,1.0,1.0,0.0,0.0,0.0,0.0,0.0
20261,A,골목상권,3110124,뚝섬역교차로,CS300022,화장품,8.0,8.0,0.0,0.0,0.0,0.0,0.0
20261,A,골목상권,3110124,뚝섬역교차로,CS300023,미용재료,1.0,1.0,0.0,0.0,0.0,0.0,0.0
20261,A,골목상권,3110124,뚝섬역교차로,CS300024,운동/경기용품,2.0,2.0,0.0,0.0,0.0,0.0,0.0
20261,A,골목상권,3110124,뚝섬역교차로,CS300027,섬유제품,1.0,1.0,0.0,100.0,1.0,0.0,0.0
20261,A,골목상권,3110124,뚝섬역교차로,CS300028,화초,3.0,3.0,0.0,0.0,0.0,0.0,0.0
20261,A,골목상권,3110124,뚝섬역교차로,CS300029,애완동물,2.0,2.0,0.0,0.0,0.0,0.0,0.0
20261,A,골목상권,3110124,뚝섬역교차로,CS300031,가구,2.0,2.0,0.0,0.0,0.0,0.0,0.0
20261,A,골목상권,3110124,뚝섬역교차로,CS300032,가전제품,1.0,1.0,0.0,0.0,0.0,0.0,0.0
20261,A,골목상권,3110124,뚝섬역교차로,CS300033,철물점,1.0,1.0,0.0,0.0,0.0,0.0,0.0
20261,A,골목상권,3110124,뚝섬역교차로,CS300034,악기,1.0,1.0,0.0,0.0,0.0,0.0,0.0
20261,A,골목상권,3110124,뚝섬역교차로,CS300035,인테리어,1.0,1.0,0.0,0.0,0.0,0.0,0.0
20261,A,골목상권,3110124,뚝섬역교차로,CS300036,조명용품,1.0,1.0,0.0,0.0,0.0,0.0,0.0
20261,A,골목상권,3110124,뚝섬역교차로,CS300038,자동차부품,4.0,4.0,0.0,0.0,0.0,0.0,0.0
20261,A,골목상권,3110124,뚝섬역교차로,CS300039,모터사이클및부품,1.0,1.0,0.0,0.0,0.0,0.0,0.0
20261,A,골목상권,3110124,뚝섬역교차로,CS300041,예술품,2.0,2.0,0.0,0.0,0.0,0.0,0.0
20261,A,골목상권,3110124,뚝섬역교차로,CS300043,전자상거래업,2.0,2.0,0.0,0.0,0.0,0.0,0.0
20261,A,골목상권,3110125,사근동살곶이상점가,CS100001,한식음식점,13.0,12.0,1.0,0.0,0.0,8.0,1.0
20261,A,골목상권,3110125,사근동살곶이상점가,CS100002,중식음식점,2.0,2.0,0.0,0.0,0.0,0.0,0.0
20261,A,골목상권,3110125,사근동살곶이상점가,CS100003,일식음식점,3.0,3.0,0.0,0.0,0.0,0.0,0.0
20261,A,골목상권,3110125,사근동살곶이상점가,CS100004,양식음식점,2.0,1.0,1.0,0.0,0.0,0.0,0.0
20261,A,골목상권,3110125,사근동살곶이상점가,CS100005,제과점,3.0,2.0,1.0,0.0,0.0,0.0,0.0
20261,A,골목상권,3110125,사근동살곶이상점가,CS100006,패스트푸드점,4.0,2.0,2.0,0.0,0.0,0.0,0.0
20261,A,골목상권,3110125,사근동살곶이상점가,CS100007,치킨전문점,6.0,5.0,1.0,0.0,0.0,0.0,0.0
20261,A,골목상권,3110125,사근동살곶이상점가,CS100008,분식전문점,6.0,5.0,1.0,0.0,0.0,0.0,0.0
20261,A,골목상권,3110125,사근동살곶이상점가,CS100009,호프-간이주점,3.0,3.0,0.0,0.0,0.0,0.0,0.0
20261,A,골목상권,3110125,사근동살곶이상점가,CS100010,커피-음료,12.0,12.0,0.0,0.0,0.0,0.0,0.0
20261,A,골목상권,3110125,사근동살곶이상점가,CS200001,일반교습학원,3.0,3.0,0.0,33.0,1.0,0.0,0.0
20261,A,골목상권,3110125,사근동살곶이상점가,CS200003,예술학원,2.0,2.0,0.0,0.0,0.0,0.0,0.0
20261,A,골목상권,3110125,사근동살곶이상점가,CS200005,스포츠 강습,1.0,1.0,0.0,0.0,0.0,0.0,0.0
20261,A,골목상권,3110125,사근동살곶이상점가,CS200006,일반의원,0.0,0.0,0.0,0.0,0.0,0.0,1.0
20261,A,골목상권,3110125,사근동살곶이상점가,CS200015,세무사사무소,1.0,1.0,0.0,0.0,0.0,0.0,0.0
20261,A,골목상권,3110125,사근동살곶이상점가,CS200016,당구장,1.0,1.0,0.0,0.0,0.0,0.0,0.0
20261,A,골목상권,3110125,사근동살곶이상점가,CS200019,PC방,1.0,1.0,0.0,0.0,0.0,0.0,0.0
20261,A,골목상권,3110125,사근동살곶이상점가,CS200028,미용실,3.0,3.0,0.0,0.0,0.0,0.0,0.0
20261,A,골목상권,3110125,사근동살곶이상점가,CS200029,네일숍,1.0,1.0,0.0,0.0,0.0,0.0,0.0
20261,A,골목상권,3110125,사근동살곶이상점가,CS200031,세탁소,4.0,3.0,1.0,0.0,0.0,0.0,0.0
20261,A,골목상권,3110125,사근동살곶이상점가,CS200033,부동산중개업,14.0,14.0,0.0,0.0,0.0,0.0,0.0
20261,A,골목상권,3110125,사근동살곶이상점가,CS200038,독서실,2.0,2.0,0.0,0.0,0.0,0.0,0.0
20261,A,골목상권,3110125,사근동살곶이상점가,CS200043,건축물청소,1.0,1.0,0.0,0.0,0.0,0.0,0.0
20261,A,골목상권,3110125,사근동살곶이상점가,CS200044,여행사,1.0,1.0,0.0,0.0,0.0,0.0,0.0
20261,A,골목상권,3110125,사근동살곶이상점가,CS300001,슈퍼마켓,6.0,5.0,1.0,0.0,0.0,0.0,0.0
20261,A,골목상권,3110125,사근동살곶이상점가,CS300002,편의점,5.0,2.0,3.0,0.0,0.0,0.0,0.0
20261,A,골목상권,3110125,사근동살곶이상점가,CS300003,컴퓨터및주변장치판매,1.0,1.0,0.0,0.0,0.0,0.0,0.0
20261,A,골목상권,3110125,사근동살곶이상점가,CS300007,육류판매,2.0,2.0,0.0,0.0,0.0,0.0,0.0
20261,A,골목상권,3110125,사근동살곶이상점가,CS300011,일반의류,2.0,2.0,0.0,0.0,0.0,0.0,0.0
20261,A,골목상권,3110125,사근동살곶이상점가,CS300015,가방,1.0,1.0,0.0,0.0,0.0,0.0,0.0
20261,A,골목상권,3110125,사근동살곶이상점가,CS300017,시계및귀금속,1.0,1.0,0.0,0.0,0.0,0.0,0.0
20261,A,골목상권,3110125,사근동살곶이상점가,CS300018,의약품,2.0,2.0,0.0,0.0,0.0,0.0,0.0
20261,A,골목상권,3110125,사근동살곶이상점가,CS300020,서적,1.0,1.0,0.0,0.0,0.0,0.0,0.0
20261,A,골목상권,3110125,사근동살곶이상점가,CS300028,화초,1.0,1.0,0.0,0.0,0.0,0.0,0.0
20261,A,골목상권,3110125,사근동살곶이상점가,CS300029,애완동물,3.0,2.0,1.0,0.0,0.0,0.0,0.0
20261,A,골목상권,3110125,사근동살곶이상점가,CS300031,가구,1.0,1.0,0.0,0.0,0.0,0.0,0.0
20261,A,골목상권,3110125,사근동살곶이상점가,CS300033,철물점,1.0,1.0,0.0,0.0,0.0,0.0,0.0
20261,A,골목상권,3110125,사근동살곶이상점가,CS300043,전자상거래업,7.0,7.0,0.0,0.0,0.0,14.0,1.0
20261,A,골목상권,3110126,서울숲역 1번,CS100001,한식음식점,8.0,8.0,0.0,13.0,1.0,13.0,1.0
20261,A,골목상권,3110126,서울숲역 1번,CS100002,중식음식점,2.0,1.0,1.0,0.0,0.0,50.0,1.0
20261,A,골목상권,3110126,서울숲역 1번,CS100003,일식음식점,4.0,4.0,0.0,0.0,0.0,0.0,0.0
20261,A,골목상권,3110126,서울숲역 1번,CS100004,양식음식점,4.0,4.0,0.0,0.0,0.0,0.0,0.0
20261,A,골목상권,3110126,서울숲역 1번,CS100005,제과점,1.0,1.0,0.0,0.0,0.0,0.0,0.0
20261,A,골목상권,3110126,서울숲역 1번,CS100006,패스트푸드점,3.0,0.0,3.0,0.0,0.0,0.0,0.0
20261,A,골목상권,3110126,서울숲역 1번,CS100008,분식전문점,4.0,4.0,0.0,0.0,0.0,0.0,0.0
20261,A,골목상권,3110126,서울숲역 1번,CS100009,호프-간이주점,2.0,2.0,0.0,50.0,1.0,0.0,0.0
20261,A,골목상권,3110126,서울숲역 1번,CS100010,커피-음료,8.0,8.0,0.0,0.0,0.0,0.0,0.0
20261,A,골목상권,3110126,서울숲역 1번,CS200001,일반교습학원,3.0,3.0,0.0,33.0,1.0,0.0,0.0
20261,A,골목상권,3110126,서울숲역 1번,CS200003,예술학원,1.0,1.0,0.0,0.0,0.0,0.0,0.0
20261,A,골목상권,3110126,서울숲역 1번,CS200006,일반의원,1.0,1.0,0.0,0.0,0.0,0.0,0.0
20261,A,골목상권,3110126,서울숲역 1번,CS200015,세무사사무소,1.0,1.0,0.0,0.0,0.0,0.0,0.0
20261,A,골목상권,3110126,서울숲역 1번,CS200028,미용실,3.0,3.0,0.0,0.0,0.0,0.0,0.0
20261,A,골목상권,3110126,서울숲역 1번,CS200029,네일숍,1.0,1.0,0.0,0.0,0.0,0.0,0.0
20261,A,골목상권,3110126,서울숲역 1번,CS200030,피부관리실,3.0,3.0,0.0,33.0,1.0,0.0,0.0
20261,A,골목상권,3110126,서울숲역 1번,CS200037,노래방,1.0,1.0,0.0,0.0,0.0,0.0,0.0
20261,A,골목상권,3110126,서울숲역 1번,CS300002,편의점,2.0,0.0,2.0,0.0,0.0,0.0,0.0
20261,A,골목상권,3110126,서울숲역 1번,CS300010,반찬가게,2.0,2.0,0.0,0.0,0.0,0.0,0.0
20261,A,골목상권,3110126,서울숲역 1번,CS300014,신발,2.0,2.0,0.0,0.0,0.0,0.0,0.0
20261,A,골목상권,3110126,서울숲역 1번,CS300022,화장품,1.0,1.0,0.0,0.0,0.0,0.0,0.0
20261,A,골목상권,3110126,서울숲역 1번,CS300026,완구,2.0,2.0,0.0,0.0,0.0,0.0,0.0
20261,A,골목상권,3110126,서울숲역 1번,CS300028,화초,1.0,1.0,0.0,0.0,0.0,0.0,0.0
20261,A,골목상권,3110126,서울숲역 1번,CS300029,애완동물,1.0,1.0,0.0,0.0,0.0,0.0,0.0
20261,A,골목상권,3110126,서울숲역 1번,CS300035,인테리어,1.0,1.0,0.0,0.0,0.0,0.0,0.0
20261,A,골목상권,3110126,서울숲역 1번,CS300043,전자상거래업,1.0,1.0,0.0,0.0,0.0,0.0,0.0
20261,A,골목상권,3110127,성수1가1동주민센터,CS100001,한식음식점,7.0,7.0,0.0,0.0,0.0,0.0,0.0
20261,A,골목상권,3110127,성수1가1동주민센터,CS100003,일식음식점,3.0,3.0,0.0,0.0,0.0,0.0,0.0
20261,A,골목상권,3110127,성수1가1동주민센터,CS100004,양식음식점,3.0,3.0,0.0,0.0,0.0,0.0,0.0
20261,A,골목상권,3110127,성수1가1동주민센터,CS100005,제과점,1.0,1.0,0.0,0.0,0.0,0.0,0.0
20261,A,골목상권,3110127,성수1가1동주민센터,CS100006,패스트푸드점,1.0,1.0,0.0,0.0,0.0,100.0,1.0
20261,A,골목상권,3110127,성수1가1동주민센터,CS100007,치킨전문점,2.0,1.0,1.0,0.0,0.0,0.0,0.0
20261,A,골목상권,3110127,성수1가1동주민센터,CS100008,분식전문점,2.0,2.0,0.0,0.0,0.0,0.0,0.0
20261,A,골목상권,3110127,성수1가1동주민센터,CS100009,호프-간이주점,2.0,2.0,0.0,0.0,0.0,0.0,0.0
20261,A,골목상권,3110127,성수1가1동주민센터,CS100010,커피-음료,12.0,8.0,4.0,8.0,1.0,0.0,0.0
20261,A,골목상권,3110127,성수1가1동주민센터,CS200001,일반교습학원,1.0,0.0,1.0,0.0,0.0,0.0,0.0
20261,A,골목상권,3110127,성수1가1동주민센터,CS200003,예술학원,4.0,4.0,0.0,0.0,0.0,0.0,0.0
20261,A,골목상권,3110127,성수1가1동주민센터,CS200005,스포츠 강습,1.0,1.0,0.0,0.0,0.0,0.0,0.0
20261,A,골목상권,3110127,성수1가1동주민센터,CS200011,변리사사무소,1.0,1.0,0.0,0.0,0.0,0.0,0.0
20261,A,골목상권,3110127,성수1가1동주민센터,CS200015,세무사사무소,1.0,1.0,0.0,0.0,0.0,0.0,0.0
20261,A,골목상권,3110127,성수1가1동주민센터,CS200016,당구장,2.0,2.0,0.0,0.0,0.0,0.0,0.0
20261,A,골목상권,3110127,성수1가1동주민센터,CS200017,골프연습장,1.0,1.0,0.0,0.0,0.0,0.0,0.0
20261,A,골목상권,3110127,성수1가1동주민센터,CS200025,자동차수리,1.0,1.0,0.0,0.0,0.0,0.0,0.0
20261,A,골목상권,3110127,성수1가1동주민센터,CS200027,모터사이클수리,1.0,1.0,0.0,0.0,0.0,0.0,0.0
20261,A,골목상권,3110127,성수1가1동주민센터,CS200028,미용실,10.0,10.0,0.0,0.0,0.0,0.0,0.0
20261,A,골목상권,3110127,성수1가1동주민센터,CS200029,네일숍,1.0,1.0,0.0,0.0,0.0,0.0,0.0
20261,A,골목상권,3110127,성수1가1동주민센터,CS200031,세탁소,1.0,0.0,1.0,0.0,0.0,0.0,0.0
20261,A,골목상권,3110127,성수1가1동주민센터,CS200033,부동산중개업,12.0,12.0,0.0,0.0,0.0,0.0,0.0
20261,A,골목상권,3110127,성수1가1동주민센터,CS200041,사진관,7.0,7.0,0.0,0.0,0.0,0.0,0.0
20261,A,골목상권,3110127,성수1가1동주민센터,CS200042,통번역서비스,1.0,1.0,0.0,0.0,0.0,0.0,0.0
20261,A,골목상권,3110127,성수1가1동주민센터,CS200043,건축물청소,2.0,2.0,0.0,0.0,0.0,0.0,0.0
20261,A,골목상권,3110127,성수1가1동주민센터,CS200044,여행사,1.0,1.0,0.0,0.0,0.0,0.0,0.0
20261,A,골목상권,3110127,성수1가1동주민센터,CS300001,슈퍼마켓,1.0,0.0,1.0,0.0,0.0,0.0,0.0
20261,A,골목상권,3110127,성수1가1동주민센터,CS300002,편의점,1.0,0.0,1.0,0.0,0.0,0.0,0.0
20261,A,골목상권,3110127,성수1가1동주민센터,CS300003,컴퓨터및주변장치판매,5.0,5.0,0.0,0.0,0.0,0.0,0.0
20261,A,골목상권,3110127,성수1가1동주민센터,CS300009,청과상,1.0,1.0,0.0,0.0,0.0,0.0,0.0
20261,A,골목상권,3110127,성수1가1동주민센터,CS300010,반찬가게,5.0,5.0,0.0,0.0,0.0,0.0,0.0
20261,A,골목상권,3110127,성수1가1동주민센터,CS300011,일반의류,15.0,15.0,0.0,0.0,0.0,0.0,0.0
20261,A,골목상권,3110127,성수1가1동주민센터,CS300014,신발,3.0,3.0,0.0,0.0,0.0,0.0,0.0
20261,A,골목상권,3110127,성수1가1동주민센터,CS300015,가방,1.0,1.0,0.0,0.0,0.0,0.0,0.0
20261,A,골목상권,3110127,성수1가1동주민센터,CS300018,의약품,1.0,1.0,0.0,0.0,0.0,0.0,0.0
20261,A,골목상권,3110127,성수1가1동주민센터,CS300019,의료기기,1.0,1.0,0.0,0.0,0.0,0.0,0.0
20261,A,골목상권,3110127,성수1가1동주민센터,CS300022,화장품,6.0,6.0,0.0,0.0,0.0,0.0,0.0
20261,A,골목상권,3110127,성수1가1동주민센터,CS300024,운동/경기용품,3.0,3.0,0.0,0.0,0.0,0.0,0.0
20261,A,골목상권,3110127,성수1가1동주민센터,CS300029,애완동물,2.0,2.0,0.0,0.0,0.0,0.0,0.0
20261,A,골목상권,3110127,성수1가1동주민센터,CS300031,가구,2.0,2.0,0.0,0.0,0.0,0.0,0.0
20261,A,골목상권,3110127,성수1가1동주민센터,CS300036,조명용품,2.0,2.0,0.0,0.0,0.0,0.0,0.0
20261,A,골목상권,3110127,성수1가1동주민센터,CS300038,자동차부품,2.0,2.0,0.0,0.0,0.0,0.0,0.0
20261,A,골목상권,3110127,성수1가1동주민센터,CS300040,재생용품 판매점,1.0,1.0,0.0,0.0,0.0,0.0,0.0
20261,A,골목상권,3110127,성수1가1동주민센터,CS300043,전자상거래업,8.0,8.0,0.0,0.0,0.0,0.0,0.0
20261,A,골목상권,3110128,성원중학교,CS100001,한식음식점,50.0,47.0,3.0,2.0,1.0,4.0,2.0
20261,A,골목상권,3110128,성원중학교,CS100002,중식음식점,1.0,1.0,0.0,0.0,0.0,100.0,1.0
20261,A,골목상권,3110128,성원중학교,CS100003,일식음식점,2.0,2.0,0.0,0.0,0.0,0.0,0.0
20261,A,골목상권,3110128,성원중학교,CS100004,양식음식점,12.0,12.0,0.0,0.0,0.0,0.0,0.0
20261,A,골목상권,3110128,성원중학교,CS100005,제과점,12.0,11.0,1.0,8.0,1.0,17.0,2.0
20261,A,골목상권,3110128,성원중학교,CS100006,패스트푸드점,6.0,5.0,1.0,0.0,0.0,0.0,0.0
20261,A,골목상권,3110128,성원중학교,CS100007,치킨전문점,7.0,1.0,6.0,14.0,1.0,0.0,0.0
20261,A,골목상권,3110128,성원중학교,CS100008,분식전문점,10.0,10.0,0.0,0.0,0.0,0.0,0.0
20261,A,골목상권,3110128,성원중학교,CS100009,호프-간이주점,9.0,8.0,1.0,0.0,0.0,0.0,0.0
20261,A,골목상권,3110128,성원중학교,CS100010,커피-음료,25.0,25.0,0.0,16.0,4.0,4.0,1.0
20261,A,골목상권,3110128,성원중학교,CS200001,일반교습학원,10.0,9.0,1.0,0.0,0.0,10.0,1.0
20261,A,골목상권,3110128,성원중학교,CS200002,외국어학원,1.0,1.0,0.0,100.0,1.0,100.0,1.0
20261,A,골목상권,3110128,성원중학교,CS200003,예술학원,7.0,7.0,0.0,0.0,0.0,0.0,0.0
20261,A,골목상권,3110128,성원중학교,CS200005,스포츠 강습,10.0,10.0,0.0,0.0,0.0,0.0,0.0
20261,A,골목상권,3110128,성원중학교,CS200006,일반의원,7.0,7.0,0.0,0.0,0.0,0.0,0.0
20261,A,골목상권,3110128,성원중학교,CS200007,치과의원,2.0,2.0,0.0,0.0,0.0,0.0,0.0
20261,A,골목상권,3110128,성원중학교,CS200008,한의원,1.0,1.0,0.0,0.0,0.0,0.0,0.0
20261,A,골목상권,3110128,성원중학교,CS200013,기타법무서비스,1.0,1.0,0.0,0.0,0.0,0.0,0.0
20261,A,골목상권,3110128,성원중학교,CS200015,세무사사무소,1.0,1.0,0.0,0.0,0.0,0.0,0.0
20261,A,골목상권,3110128,성원중학교,CS200016,당구장,5.0,5.0,0.0,20.0,1.0,0.0,0.0
20261,A,골목상권,3110128,성원중학교,CS200019,PC방,2.0,2.0,0.0,0.0,0.0,0.0,0.0
20261,A,골목상권,3110128,성원중학교,CS200021,기타오락장,1.0,1.0,0.0,0.0,0.0,0.0,0.0
20261,A,골목상권,3110128,성원중학교,CS200022,복권방,1.0,1.0,0.0,0.0,0.0,0.0,0.0
20261,A,골목상권,3110128,성원중학교,CS200023,통신기기수리,2.0,2.0,0.0,0.0,0.0,50.0,1.0
20261,A,골목상권,3110128,성원중학교,CS200024,스포츠클럽,1.0,1.0,0.0,0.0,0.0,0.0,0.0
20261,A,골목상권,3110128,성원중학교,CS200025,자동차수리,6.0,6.0,0.0,0.0,0.0,0.0,0.0
20261,A,골목상권,3110128,성원중학교,CS200026,자동차미용,0.0,0.0,0.0,0.0,0.0,0.0,1.0
20261,A,골목상권,3110128,성원중학교,CS200027,모터사이클수리,0.0,0.0,0.0,0.0,0.0,0.0,1.0
20261,A,골목상권,3110128,성원중학교,CS200028,미용실,25.0,25.0,0.0,0.0,0.0,4.0,1.0
20261,A,골목상권,3110128,성원중학교,CS200029,네일숍,3.0,3.0,0.0,0.0,0.0,0.0,0.0
20261,A,골목상권,3110128,성원중학교,CS200030,피부관리실,5.0,5.0,0.0,20.0,1.0,0.0,0.0
20261,A,골목상권,3110128,성원중학교,CS200031,세탁소,7.0,7.0,0.0,0.0,0.0,0.0,0.0
20261,A,골목상권,3110128,성원중학교,CS200032,가전제품수리,4.0,4.0,0.0,50.0,2.0,0.0,0.0
20261,A,골목상권,3110128,성원중학교,CS200033,부동산중개업,40.0,40.0,0.0,0.0,0.0,0.0,0.0
20261,A,골목상권,3110128,성원중학교,CS200034,여관,4.0,4.0,0.0,0.0,0.0,0.0,0.0
20261,A,골목상권,3110128,성원중학교,CS200037,노래방,8.0,8.0,0.0,0.0,0.0,0.0,0.0
20261,A,골목상권,3110128,성원중학교,CS200038,독서실,1.0,1.0,0.0,0.0,0.0,0.0,0.0
20261,A,골목상권,3110128,성원중학교,CS200041,사진관,25.0,25.0,0.0,0.0,0.0,4.0,1.0
20261,A,골목상권,3110128,성원중학교,CS200043,건축물청소,10.0,10.0,0.0,0.0,0.0,0.0,0.0
20261,A,골목상권,3110128,성원중학교,CS200044,여행사,1.0,1.0,0.0,0.0,0.0,0.0,0.0
20261,A,골목상권,3110128,성원중학교,CS300001,슈퍼마켓,12.0,9.0,3.0,0.0,0.0,0.0,0.0
20261,A,골목상권,3110128,성원중학교,CS300002,편의점,3.0,0.0,3.0,0.0,0.0,0.0,0.0
20261,A,골목상권,3110128,성원중학교,CS300003,컴퓨터및주변장치판매,4.0,4.0,0.0,0.0,0.0,0.0,0.0
20261,A,골목상권,3110128,성원중학교,CS300004,핸드폰,4.0,4.0,0.0,0.0,0.0,0.0,0.0
20261,A,골목상권,3110128,성원중학교,CS300005,주류도매,1.0,1.0,0.0,0.0,0.0,0.0,0.0
20261,A,골목상권,3110128,성원중학교,CS300006,미곡판매,2.0,2.0,0.0,0.0,0.0,0.0,0.0
20261,A,골목상권,3110128,성원중학교,CS300007,육류판매,9.0,9.0,0.0,0.0,0.0,0.0,0.0
20261,A,골목상권,3110128,성원중학교,CS300009,청과상,1.0,1.0,0.0,0.0,0.0,0.0,0.0
20261,A,골목상권,3110128,성원중학교,CS300010,반찬가게,3.0,3.0,0.0,0.0,0.0,0.0,0.0
20261,A,골목상권,3110128,성원중학교,CS300011,일반의류,28.0,28.0,0.0,0.0,0.0,0.0,0.0
20261,A,골목상권,3110128,성원중학교,CS300014,신발,11.0,11.0,0.0,0.0,0.0,0.0,0.0
20261,A,골목상권,3110128,성원중학교,CS300015,가방,4.0,4.0,0.0,0.0,0.0,0.0,0.0
20261,A,골목상권,3110128,성원중학교,CS300016,안경,3.0,3.0,0.0,0.0,0.0,0.0,0.0
20261,A,골목상권,3110128,성원중학교,CS300017,시계및귀금속,8.0,8.0,0.0,0.0,0.0,0.0,0.0
20261,A,골목상권,3110128,성원중학교,CS300018,의약품,8.0,8.0,0.0,0.0,0.0,13.0,1.0
20261,A,골목상권,3110128,성원중학교,CS300019,의료기기,2.0,2.0,0.0,0.0,0.0,0.0,0.0
20261,A,골목상권,3110128,성원중학교,CS300020,서적,7.0,7.0,0.0,0.0,0.0,0.0,0.0
20261,A,골목상권,3110128,성원중학교,CS300021,문구,7.0,7.0,0.0,0.0,0.0,0.0,0.0
20261,A,골목상권,3110128,성원중학교,CS300022,화장품,5.0,5.0,0.0,0.0,0.0,0.0,0.0
20261,A,골목상권,3110128,성원중학교,CS300024,운동/경기용품,3.0,3.0,0.0,0.0,0.0,0.0,0.0
20261,A,골목상권,3110128,성원중학교,CS300025,자전거 및 기타운송장비,2.0,2.0,0.0,0.0,0.0,50.0,1.0
20261,A,골목상권,3110128,성원중학교,CS300026,완구,3.0,3.0,0.0,0.0,0.0,0.0,0.0
20261,A,골목상권,3110128,성원중학교,CS300027,섬유제품,2.0,2.0,0.0,0.0,0.0,0.0,0.0
20261,A,골목상권,3110128,성원중학교,CS300028,화초,6.0,6.0,0.0,0.0,0.0,0.0,0.0
20261,A,골목상권,3110128,성원중학교,CS300029,애완동물,5.0,4.0,1.0,0.0,0.0,0.0,0.0
20261,A,골목상권,3110128,성원중학교,CS300031,가구,3.0,3.0,0.0,0.0,0.0,0.0,0.0
20261,A,골목상권,3110128,성원중학교,CS300032,가전제품,1.0,1.0,0.0,0.0,0.0,0.0,0.0
20261,A,골목상권,3110128,성원중학교,CS300033,철물점,7.0,7.0,0.0,0.0,0.0,0.0,0.0
20261,A,골목상권,3110128,성원중학교,CS300035,인테리어,5.0,5.0,0.0,0.0,0.0,0.0,0.0
20261,A,골목상권,3110128,성원중학교,CS300036,조명용품,10.0,10.0,0.0,0.0,0.0,0.0,0.0
20261,A,골목상권,3110128,성원중학교,CS300038,자동차부품,7.0,7.0,0.0,0.0,0.0,0.0,0.0
20261,A,골목상권,3110128,성원중학교,CS300039,모터사이클및부품,1.0,1.0,0.0,0.0,0.0,0.0,0.0
20261,A,골목상권,3110128,성원중학교,CS300040,재생용품 판매점,6.0,6.0,0.0,0.0,0.0,0.0,0.0
20261,A,골목상권,3110128,성원중학교,CS300041,예술품,5.0,5.0,0.0,0.0,0.0,0.0,0.0
20261,A,골목상권,3110128,성원중학교,CS300042,주유소,1.0,1.0,0.0,0.0,0.0,0.0,0.0
20261,A,골목상권,3110128,성원중학교,CS300043,전자상거래업,16.0,16.0,0.0,0.0,0.0,13.0,2.0
20261,A,골목상권,3110129,성원어린이공원,CS100001,한식음식점,14.0,12.0,2.0,7.0,1.0,7.0,1.0
20261,A,골목상권,3110129,성원어린이공원,CS100003,일식음식점,3.0,3.0,0.0,0.0,0.0,0.0,0.0
20261,A,골목상권,3110129,성원어린이공원,CS100004,양식음식점,1.0,1.0,0.0,0.0,0.0,0.0,0.0
20261,A,골목상권,3110129,성원어린이공원,CS100005,제과점,3.0,3.0,0.0,0.0,0.0,0.0,0.0
20261,A,골목상권,3110129,성원어린이공원,CS100007,치킨전문점,1.0,0.0,1.0,0.0,0.0,0.0,0.0
20261,A,골목상권,3110129,성원어린이공원,CS100008,분식전문점,1.0,0.0,1.0,0.0,0.0,0.0,0.0
20261,A,골목상권,3110129,성원어린이공원,CS100009,호프-간이주점,4.0,3.0,1.0,0.0,0.0,0.0,0.0
20261,A,골목상권,3110129,성원어린이공원,CS100010,커피-음료,15.0,15.0,0.0,13.0,2.0,7.0,1.0
20261,A,골목상권,3110129,성원어린이공원,CS200001,일반교습학원,1.0,1.0,0.0,0.0,0.0,0.0,0.0
20261,A,골목상권,3110129,성원어린이공원,CS200003,예술학원,3.0,3.0,0.0,0.0,0.0,0.0,0.0
20261,A,골목상권,3110129,성원어린이공원,CS200005,스포츠 강습,2.0,2.0,0.0,0.0,0.0,0.0,0.0
20261,A,골목상권,3110129,성원어린이공원,CS200011,변리사사무소,1.0,1.0,0.0,0.0,0.0,0.0,0.0
20261,A,골목상권,3110129,성원어린이공원,CS200015,세무사사무소,9.0,9.0,0.0,0.0,0.0,0.0,0.0
20261,A,골목상권,3110129,성원어린이공원,CS200016,당구장,1.0,1.0,0.0,0.0,0.0,0.0,0.0
20261,A,골목상권,3110129,성원어린이공원,CS200025,자동차수리,5.0,5.0,0.0,0.0,0.0,0.0,0.0
20261,A,골목상권,3110129,성원어린이공원,CS200027,모터사이클수리,2.0,2.0,0.0,0.0,0.0,0.0,0.0
20261,A,골목상권,3110129,성원어린이공원,CS200028,미용실,3.0,3.0,0.0,0.0,0.0,0.0,0.0
20261,A,골목상권,3110129,성원어린이공원,CS200029,네일숍,1.0,1.0,0.0,0.0,0.0,0.0,0.0
20261,A,골목상권,3110129,성원어린이공원,CS200030,피부관리실,2.0,2.0,0.0,0.0,0.0,0.0,0.0
20261,A,골목상권,3110129,성원어린이공원,CS200031,세탁소,1.0,1.0,0.0,0.0,0.0,0.0,0.0
20261,A,골목상권,3110129,성원어린이공원,CS200033,부동산중개업,16.0,16.0,0.0,0.0,0.0,0.0,0.0
20261,A,골목상권,3110129,성원어린이공원,CS200040,녹음실,2.0,2.0,0.0,0.0,0.0,0.0,0.0
20261,A,골목상권,3110129,성원어린이공원,CS200041,사진관,9.0,9.0,0.0,0.0,0.0,0.0,0.0
20261,A,골목상권,3110129,성원어린이공원,CS200043,건축물청소,1.0,1.0,0.0,0.0,0.0,0.0,0.0
20261,A,골목상권,3110129,성원어린이공원,CS200044,여행사,3.0,3.0,0.0,0.0,0.0,0.0,0.0
20261,A,골목상권,3110129,성원어린이공원,CS300001,슈퍼마켓,5.0,3.0,2.0,0.0,0.0,0.0,0.0
20261,A,골목상권,3110129,성원어린이공원,CS300003,컴퓨터및주변장치판매,3.0,3.0,0.0,0.0,0.0,0.0,0.0
20261,A,골목상권,3110129,성원어린이공원,CS300004,핸드폰,1.0,1.0,0.0,0.0,0.0,0.0,0.0
20261,A,골목상권,3110129,성원어린이공원,CS300009,청과상,1.0,1.0,0.0,0.0,0.0,0.0,0.0
20261,A,골목상권,3110129,성원어린이공원,CS300010,반찬가게,5.0,5.0,0.0,0.0,0.0,0.0,0.0
20261,A,골목상권,3110129,성원어린이공원,CS300011,일반의류,19.0,19.0,0.0,5.0,1.0,5.0,1.0
20261,A,골목상권,3110129,성원어린이공원,CS300014,신발,5.0,5.0,0.0,20.0,1.0,0.0,0.0
20261,A,골목상권,3110129,성원어린이공원,CS300015,가방,1.0,1.0,0.0,0.0,0.0,0.0,0.0
20261,A,골목상권,3110129,성원어린이공원,CS300016,안경,1.0,0.0,1.0,0.0,0.0,0.0,0.0
20261,A,골목상권,3110129,성원어린이공원,CS300018,의약품,4.0,4.0,0.0,0.0,0.0,0.0,0.0
20261,A,골목상권,3110129,성원어린이공원,CS300019,의료기기,5.0,5.0,0.0,0.0,0.0,0.0,0.0
20261,A,골목상권,3110129,성원어린이공원,CS300020,서적,3.0,3.0,0.0,0.0,0.0,0.0,0.0
20261,A,골목상권,3110129,성원어린이공원,CS300021,문구,3.0,3.0,0.0,0.0,0.0,0.0,0.0
20261,A,골목상권,3110129,성원어린이공원,CS300022,화장품,18.0,18.0,0.0,11.0,2.0,0.0,0.0
20261,A,골목상권,3110129,성원어린이공원,CS300024,운동/경기용품,1.0,1.0,0.0,0.0,0.0,0.0,0.0
20261,A,골목상권,3110129,성원어린이공원,CS300025,자전거 및 기타운송장비,1.0,1.0,0.0,0.0,0.0,0.0,0.0
20261,A,골목상권,3110129,성원어린이공원,CS300027,섬유제품,3.0,3.0,0.0,0.0,0.0,0.0,0.0
20261,A,골목상권,3110129,성원어린이공원,CS300028,화초,1.0,1.0,0.0,0.0,0.0,0.0,0.0
20261,A,골목상권,3110129,성원어린이공원,CS300029,애완동물,4.0,4.0,0.0,0.0,0.0,0.0,0.0
20261,A,골목상권,3110129,성원어린이공원,CS300031,가구,5.0,5.0,0.0,0.0,0.0,0.0,0.0
20261,A,골목상권,3110129,성원어린이공원,CS300033,철물점,1.0,1.0,0.0,0.0,0.0,0.0,0.0
20261,A,골목상권,3110129,성원어린이공원,CS300034,악기,2.0,2.0,0.0,0.0,0.0,0.0,0.0
20261,A,골목상권,3110129,성원어린이공원,CS300035,인테리어,2.0,2.0,0.0,0.0,0.0,0.0,0.0
20261,A,골목상권,3110129,성원어린이공원,CS300036,조명용품,8.0,8.0,0.0,13.0,1.0,0.0,0.0
20261,A,골목상권,3110129,성원어린이공원,CS300038,자동차부품,12.0,12.0,0.0,0.0,0.0,0.0,0.0
20261,A,골목상권,3110129,성원어린이공원,CS300042,주유소,1.0,1.0,0.0,0.0,0.0,0.0,0.0
20261,A,골목상권,3110129,성원어린이공원,CS300043,전자상거래업,11.0,11.0,0.0,0.0,0.0,0.0,0.0
20261,A,골목상권,3110130,답십리역 6번,CS100001,한식음식점,4.0,4.0,0.0,0.0,0.0,0.0,0.0
20261,A,골목상권,3110130,답십리역 6번,CS100002,중식음식점,1.0,1.0,0.0,0.0,0.0,0.0,0.0
20261,A,골목상권,3110130,답십리역 6번,CS100003,일식음식점,2.0,2.0,0.0,0.0,0.0,0.0,0.0
20261,A,골목상권,3110130,답십리역 6번,CS100007,치킨전문점,1.0,0.0,1.0,0.0,0.0,0.0,0.0
20261,A,골목상권,3110130,답십리역 6번,CS100008,분식전문점,1.0,1.0,0.0,0.0,0.0,0.0,0.0
20261,A,골목상권,3110130,답십리역 6번,CS100010,커피-음료,2.0,2.0,0.0,0.0,0.0,0.0,0.0
20261,A,골목상권,3110130,답십리역 6번,CS200001,일반교습학원,2.0,1.0,1.0,0.0,0.0,0.0,0.0
20261,A,골목상권,3110130,답십리역 6번,CS200004,컴퓨터학원,1.0,1.0,0.0,0.0,0.0,0.0,0.0
20261,A,골목상권,3110130,답십리역 6번,CS200028,미용실,6.0,6.0,0.0,0.0,0.0,0.0,0.0
20261,A,골목상권,3110130,답십리역 6번,CS200030,피부관리실,1.0,1.0,0.0,0.0,0.0,0.0,0.0
20261,A,골목상권,3110130,답십리역 6번,CS200032,가전제품수리,1.0,1.0,0.0,0.0,0.0,0.0,0.0
20261,A,골목상권,3110130,답십리역 6번,CS200033,부동산중개업,6.0,6.0,0.0,0.0,0.0,0.0,0.0
20261,A,골목상권,3110130,답십리역 6번,CS200043,건축물청소,1.0,1.0,0.0,0.0,0.0,0.0,0.0
20261,A,골목상권,3110130,답십리역 6번,CS300001,슈퍼마켓,2.0,2.0,0.0,0.0,0.0,0.0,0.0
20261,A,골목상권,3110130,답십리역 6번,CS300002,편의점,1.0,0.0,1.0,0.0,0.0,0.0,0.0
20261,A,골목상권,3110130,답십리역 6번,CS300003,컴퓨터및주변장치판매,2.0,2.0,0.0,0.0,0.0,0.0,0.0
20261,A,골목상권,3110130,답십리역 6번,CS300007,육류판매,4.0,4.0,0.0,0.0,0.0,0.0,0.0
20261,A,골목상권,3110130,답십리역 6번,CS300011,일반의류,3.0,3.0,0.0,0.0,0.0,0.0,0.0
20261,A,골목상권,3110130,답십리역 6번,CS300013,유아의류,1.0,1.0,0.0,0.0,0.0,0.0,0.0
20261,A,골목상권,3110130,답십리역 6번,CS300015,가방,1.0,1.0,0.0,0.0,0.0,0.0,0.0
20261,A,골목상권,3110130,답십리역 6번,CS300020,서적,1.0,1.0,0.0,0.0,0.0,0.0,0.0
20261,A,골목상권,3110130,답십리역 6번,CS300021,문구,1.0,1.0,0.0,0.0,0.0,0.0,0.0
20261,A,골목상권,3110130,답십리역 6번,CS300022,화장품,2.0,2.0,0.0,0.0,0.0,0.0,0.0
20261,A,골목상권,3110130,답십리역 6번,CS300024,운동/경기용품,1.0,1.0,0.0,0.0,0.0,0.0,0.0
20261,A,골목상권,3110130,답십리역 6번,CS300026,완구,1.0,1.0,0.0,0.0,0.0,0.0,0.0
20261,A,골목상권,3110130,답십리역 6번,CS300035,인테리어,2.0,2.0,0.0,0.0,0.0,0.0,0.0
20261,A,골목상권,3110130,답십리역 6번,CS300043,전자상거래업,1.0,1.0,0.0,0.0,0.0,0.0,0.0
20261,A,골목상권,3110131,성수동카페거리,CS100001,한식음식점,62.0,55.0,7.0,3.0,2.0,3.0,2.0
20261,A,골목상권,3110131,성수동카페거리,CS100002,중식음식점,7.0,6.0,1.0,0.0,0.0,0.0,0.0
20261,A,골목상권,3110131,성수동카페거리,CS100003,일식음식점,20.0,20.0,0.0,0.0,0.0,0.0,0.0
20261,A,골목상권,3110131,성수동카페거리,CS100004,양식음식점,31.0,29.0,2.0,0.0,0.0,7.0,2.0
20261,A,골목상권,3110131,성수동카페거리,CS100005,제과점,15.0,14.0,1.0,7.0,1.0,0.0,0.0
20261,A,골목상권,3110131,성수동카페거리,CS100006,패스트푸드점,6.0,6.0,0.0,0.0,0.0,17.0,1.0
20261,A,골목상권,3110131,성수동카페거리,CS100008,분식전문점,13.0,11.0,2.0,0.0,0.0,0.0,0.0
20261,A,골목상권,3110131,성수동카페거리,CS100009,호프-간이주점,19.0,18.0,1.0,0.0,0.0,0.0,0.0
20261,A,골목상권,3110131,성수동카페거리,CS100010,커피-음료,51.0,43.0,8.0,6.0,3.0,0.0,0.0
20261,A,골목상권,3110131,성수동카페거리,CS200001,일반교습학원,3.0,3.0,0.0,0.0,0.0,0.0,0.0
20261,A,골목상권,3110131,성수동카페거리,CS200003,예술학원,4.0,4.0,0.0,0.0,0.0,0.0,0.0
20261,A,골목상권,3110131,성수동카페거리,CS200005,스포츠 강습,3.0,3.0,0.0,0.0,0.0,0.0,0.0
20261,A,골목상권,3110131,성수동카페거리,CS200010,변호사사무소,2.0,2.0,0.0,0.0,0.0,0.0,0.0
20261,A,골목상권,3110131,성수동카페거리,CS200015,세무사사무소,3.0,3.0,0.0,0.0,0.0,0.0,0.0
20261,A,골목상권,3110131,성수동카페거리,CS200016,당구장,2.0,2.0,0.0,0.0,0.0,0.0,0.0
20261,A,골목상권,3110131,성수동카페거리,CS200017,골프연습장,2.0,2.0,0.0,0.0,0.0,0.0,0.0
20261,A,골목상권,3110131,성수동카페거리,CS200020,전자게임장,1.0,1.0,0.0,0.0,0.0,0.0,0.0
20261,A,골목상권,3110131,성수동카페거리,CS200021,기타오락장,1.0,0.0,1.0,0.0,0.0,0.0,0.0
20261,A,골목상권,3110131,성수동카페거리,CS200024,스포츠클럽,2.0,2.0,0.0,0.0,0.0,0.0,0.0
20261,A,골목상권,3110131,성수동카페거리,CS200025,자동차수리,1.0,1.0,0.0,0.0,0.0,0.0,0.0
20261,A,골목상권,3110131,성수동카페거리,CS200027,모터사이클수리,1.0,1.0,0.0,0.0,0.0,0.0,0.0
20261,A,골목상권,3110131,성수동카페거리,CS200028,미용실,13.0,11.0,2.0,8.0,1.0,0.0,0.0
20261,A,골목상권,3110131,성수동카페거리,CS200029,네일숍,3.0,3.0,0.0,0.0,0.0,0.0,0.0
20261,A,골목상권,3110131,성수동카페거리,CS200030,피부관리실,3.0,2.0,1.0,33.0,1.0,0.0,0.0
20261,A,골목상권,3110131,성수동카페거리,CS200031,세탁소,2.0,0.0,2.0,0.0,0.0,0.0,0.0
20261,A,골목상권,3110131,성수동카페거리,CS200032,가전제품수리,1.0,1.0,0.0,0.0,0.0,0.0,0.0
20261,A,골목상권,3110131,성수동카페거리,CS200033,부동산중개업,26.0,26.0,0.0,0.0,0.0,4.0,1.0
20261,A,골목상권,3110131,성수동카페거리,CS200037,노래방,1.0,1.0,0.0,0.0,0.0,100.0,1.0
20261,A,골목상권,3110131,성수동카페거리,CS200039,DVD방,6.0,6.0,0.0,0.0,0.0,0.0,0.0
20261,A,골목상권,3110131,성수동카페거리,CS200040,녹음실,1.0,1.0,0.0,0.0,0.0,0.0,0.0
20261,A,골목상권,3110131,성수동카페거리,CS200041,사진관,8.0,6.0,2.0,0.0,0.0,0.0,0.0
20261,A,골목상권,3110131,성수동카페거리,CS200043,건축물청소,4.0,3.0,1.0,0.0,0.0,0.0,0.0
20261,A,골목상권,3110131,성수동카페거리,CS200045,비디오/서적임대,1.0,1.0,0.0,0.0,0.0,0.0,0.0
20261,A,골목상권,3110131,성수동카페거리,CS300001,슈퍼마켓,18.0,17.0,1.0,0.0,0.0,6.0,1.0
20261,A,골목상권,3110131,성수동카페거리,CS300002,편의점,3.0,1.0,2.0,0.0,0.0,0.0,0.0
20261,A,골목상권,3110131,성수동카페거리,CS300003,컴퓨터및주변장치판매,13.0,13.0,0.0,0.0,0.0,0.0,0.0
20261,A,골목상권,3110131,성수동카페거리,CS300004,핸드폰,1.0,1.0,0.0,0.0,0.0,0.0,0.0
20261,A,골목상권,3110131,성수동카페거리,CS300005,주류도매,2.0,2.0,0.0,0.0,0.0,0.0,0.0
20261,A,골목상권,3110131,성수동카페거리,CS300006,미곡판매,3.0,3.0,0.0,0.0,0.0,0.0,0.0
20261,A,골목상권,3110131,성수동카페거리,CS300010,반찬가게,11.0,11.0,0.0,0.0,0.0,0.0,0.0
20261,A,골목상권,3110131,성수동카페거리,CS300011,일반의류,83.0,83.0,0.0,5.0,4.0,2.0,2.0
20261,A,골목상권,3110131,성수동카페거리,CS300013,유아의류,3.0,2.0,1.0,0.0,0.0,0.0,0.0
20261,A,골목상권,3110131,성수동카페거리,CS300014,신발,29.0,29.0,0.0,0.0,0.0,0.0,0.0
20261,A,골목상권,3110131,성수동카페거리,CS300015,가방,13.0,13.0,0.0,0.0,0.0,0.0,0.0
20261,A,골목상권,3110131,성수동카페거리,CS300016,안경,7.0,5.0,2.0,14.0,1.0,0.0,0.0
20261,A,골목상권,3110131,성수동카페거리,CS300017,시계및귀금속,1.0,1.0,0.0,0.0,0.0,0.0,0.0
20261,A,골목상권,3110131,성수동카페거리,CS300018,의약품,4.0,3.0,1.0,0.0,0.0,0.0,0.0
20261,A,골목상권,3110131,성수동카페거리,CS300019,의료기기,6.0,6.0,0.0,0.0,0.0,0.0,0.0
20261,A,골목상권,3110131,성수동카페거리,CS300021,문구,4.0,3.0,1.0,25.0,1.0,0.0,0.0
20261,A,골목상권,3110131,성수동카페거리,CS300022,화장품,31.0,30.0,1.0,10.0,3.0,7.0,2.0
20261,A,골목상권,3110131,성수동카페거리,CS300023,미용재료,2.0,2.0,0.0,0.0,0.0,0.0,0.0
20261,A,골목상권,3110131,성수동카페거리,CS300024,운동/경기용품,5.0,5.0,0.0,0.0,0.0,0.0,0.0
20261,A,골목상권,3110131,성수동카페거리,CS300025,자전거 및 기타운송장비,1.0,1.0,0.0,0.0,0.0,0.0,0.0
20261,A,골목상권,3110131,성수동카페거리,CS300026,완구,3.0,3.0,0.0,0.0,0.0,33.0,1.0
20261,A,골목상권,3110131,성수동카페거리,CS300027,섬유제품,3.0,3.0,0.0,33.0,1.0,0.0,0.0
20261,A,골목상권,3110131,성수동카페거리,CS300028,화초,4.0,4.0,0.0,0.0,0.0,0.0,0.0
20261,A,골목상권,3110131,성수동카페거리,CS300029,애완동물,2.0,2.0,0.0,0.0,0.0,0.0,0.0
20261,A,골목상권,3110131,성수동카페거리,CS300030,중고가구,1.0,1.0,0.0,0.0,0.0,0.0,0.0
20261,A,골목상권,3110131,성수동카페거리,CS300031,가구,5.0,5.0,0.0,0.0,0.0,0.0,0.0
20261,A,골목상권,3110131,성수동카페거리,CS300032,가전제품,1.0,1.0,0.0,0.0,0.0,0.0,0.0
20261,A,골목상권,3110131,성수동카페거리,CS300033,철물점,1.0,1.0,0.0,0.0,0.0,0.0,0.0
20261,A,골목상권,3110131,성수동카페거리,CS300035,인테리어,6.0,6.0,0.0,0.0,0.0,0.0,0.0
20261,A,골목상권,3110131,성수동카페거리,CS300036,조명용품,5.0,5.0,0.0,0.0,0.0,0.0,0.0
20261,A,골목상권,3110131,성수동카페거리,CS300038,자동차부품,5.0,5.0,0.0,0.0,0.0,0.0,0.0
20261,A,골목상권,3110131,성수동카페거리,CS300040,재생용품 판매점,1.0,1.0,0.0,0.0,0.0,0.0,0.0
20261,A,골목상권,3110131,성수동카페거리,CS300041,예술품,4.0,4.0,0.0,0.0,0.0,25.0,1.0
20261,A,골목상권,3110131,성수동카페거리,CS300043,전자상거래업,10.0,10.0,0.0,0.0,0.0,0.0,0.0
20261,A,골목상권,3110132,성수2가3동주민센터,CS100001,한식음식점,6.0,6.0,0.0,17.0,1.0,0.0,0.0
20261,A,골목상권,3110132,성수2가3동주민센터,CS100002,중식음식점,1.0,1.0,0.0,0.0,0.0,0.0,0.0
20261,A,골목상권,3110132,성수2가3동주민센터,CS100004,양식음식점,8.0,8.0,0.0,0.0,0.0,13.0,1.0
20261,A,골목상권,3110132,성수2가3동주민센터,CS100005,제과점,5.0,4.0,1.0,0.0,0.0,0.0,0.0
20261,A,골목상권,3110132,성수2가3동주민센터,CS100006,패스트푸드점,3.0,3.0,0.0,0.0,0.0,0.0,0.0
20261,A,골목상권,3110132,성수2가3동주민센터,CS100008,분식전문점,1.0,1.0,0.0,0.0,0.0,100.0,1.0
20261,A,골목상권,3110132,성수2가3동주민센터,CS100009,호프-간이주점,1.0,1.0,0.0,0.0,0.0,0.0,0.0
20261,A,골목상권,3110132,성수2가3동주민센터,CS100010,커피-음료,18.0,18.0,0.0,0.0,0.0,0.0,0.0
20261,A,골목상권,3110132,성수2가3동주민센터,CS200001,일반교습학원,1.0,1.0,0.0,0.0,0.0,0.0,0.0
20261,A,골목상권,3110132,성수2가3동주민센터,CS200002,외국어학원,4.0,4.0,0.0,0.0,0.0,0.0,0.0
20261,A,골목상권,3110132,성수2가3동주민센터,CS200005,스포츠 강습,1.0,1.0,0.0,0.0,0.0,0.0,0.0
20261,A,골목상권,3110132,성수2가3동주민센터,CS200015,세무사사무소,2.0,2.0,0.0,0.0,0.0,0.0,0.0
20261,A,골목상권,3110132,성수2가3동주민센터,CS200022,복권방,1.0,1.0,0.0,0.0,0.0,0.0,0.0
20261,A,골목상권,3110132,성수2가3동주민센터,CS200024,스포츠클럽,2.0,2.0,0.0,0.0,0.0,0.0,0.0
20261,A,골목상권,3110132,성수2가3동주민센터,CS200025,자동차수리,1.0,0.0,1.0,0.0,0.0,0.0,0.0
20261,A,골목상권,3110132,성수2가3동주민센터,CS200026,자동차미용,1.0,1.0,0.0,0.0,0.0,0.0,0.0
20261,A,골목상권,3110132,성수2가3동주민센터,CS200028,미용실,1.0,1.0,0.0,0.0,0.0,0.0,0.0
20261,A,골목상권,3110132,성수2가3동주민센터,CS200033,부동산중개업,3.0,3.0,0.0,0.0,0.0,0.0,0.0
20261,A,골목상권,3110132,성수2가3동주민센터,CS200034,여관,3.0,3.0,0.0,0.0,0.0,0.0,0.0
20261,A,골목상권,3110132,성수2가3동주민센터,CS200036,고시원,1.0,1.0,0.0,0.0,0.0,0.0,0.0
20261,A,골목상권,3110132,성수2가3동주민센터,CS200038,독서실,1.0,1.0,0.0,0.0,0.0,0.0,0.0
20261,A,골목상권,3110132,성수2가3동주민센터,CS200040,녹음실,1.0,1.0,0.0,0.0,0.0,0.0,0.0
20261,A,골목상권,3110132,성수2가3동주민센터,CS200041,사진관,8.0,8.0,0.0,0.0,0.0,0.0,0.0
20261,A,골목상권,3110132,성수2가3동주민센터,CS200043,건축물청소,2.0,2.0,0.0,0.0,0.0,0.0,0.0
20261,A,골목상권,3110132,성수2가3동주민센터,CS300001,슈퍼마켓,2.0,1.0,1.0,0.0,0.0,0.0,0.0
20261,A,골목상권,3110132,성수2가3동주민센터,CS300002,편의점,2.0,1.0,1.0,0.0,0.0,0.0,0.0
20261,A,골목상권,3110132,성수2가3동주민센터,CS300003,컴퓨터및주변장치판매,1.0,1.0,0.0,0.0,0.0,0.0,0.0
20261,A,골목상권,3110132,성수2가3동주민센터,CS300004,핸드폰,1.0,1.0,0.0,0.0,0.0,0.0,0.0
20261,A,골목상권,3110132,성수2가3동주민센터,CS300009,청과상,1.0,1.0,0.0,0.0,0.0,0.0,0.0
20261,A,골목상권,3110132,성수2가3동주민센터,CS300011,일반의류,27.0,27.0,0.0,7.0,2.0,4.0,1.0
20261,A,골목상권,3110132,성수2가3동주민센터,CS300014,신발,2.0,2.0,0.0,0.0,0.0,0.0,0.0
20261,A,골목상권,3110132,성수2가3동주민센터,CS300015,가방,4.0,4.0,0.0,0.0,0.0,0.0,0.0
20261,A,골목상권,3110132,성수2가3동주민센터,CS300018,의약품,2.0,2.0,0.0,0.0,0.0,0.0,0.0
20261,A,골목상권,3110132,성수2가3동주민센터,CS300020,서적,1.0,1.0,0.0,0.0,0.0,0.0,0.0
20261,A,골목상권,3110132,성수2가3동주민센터,CS300021,문구,2.0,2.0,0.0,0.0,0.0,0.0,0.0
20261,A,골목상권,3110132,성수2가3동주민센터,CS300022,화장품,1.0,1.0,0.0,0.0,0.0,100.0,1.0
20261,A,골목상권,3110132,성수2가3동주민센터,CS300024,운동/경기용품,1.0,1.0,0.0,0.0,0.0,0.0,0.0
20261,A,골목상권,3110132,성수2가3동주민센터,CS300025,자전거 및 기타운송장비,1.0,1.0,0.0,0.0,0.0,0.0,0.0
20261,A,골목상권,3110132,성수2가3동주민센터,CS300027,섬유제품,1.0,1.0,0.0,0.0,0.0,0.0,0.0
20261,A,골목상권,3110132,성수2가3동주민센터,CS300028,화초,3.0,3.0,0.0,0.0,0.0,0.0,0.0
20261,A,골목상권,3110132,성수2가3동주민센터,CS300031,가구,1.0,1.0,0.0,0.0,0.0,0.0,0.0
20261,A,골목상권,3110132,성수2가3동주민센터,CS300035,인테리어,2.0,2.0,0.0,0.0,0.0,0.0,0.0
20261,A,골목상권,3110132,성수2가3동주민센터,CS300036,조명용품,4.0,4.0,0.0,0.0,0.0,0.0,0.0
20261,A,골목상권,3110132,성수2가3동주민센터,CS300038,자동차부품,5.0,5.0,0.0,0.0,0.0,0.0,0.0
20261,A,골목상권,3110132,성수2가3동주민센터,CS300039,모터사이클및부품,1.0,1.0,0.0,0.0,0.0,0.0,0.0
20261,A,골목상권,3110132,성수2가3동주민센터,CS300042,주유소,1.0,1.0,0.0,0.0,0.0,0.0,0.0
20261,A,골목상권,3110132,성수2가3동주민센터,CS300043,전자상거래업,4.0,4.0,0.0,0.0,0.0,0.0,0.0
20261,A,골목상권,3110133,서울교통공사,CS100001,한식음식점,9.0,8.0,1.0,0.0,0.0,0.0,0.0
20261,A,골목상권,3110133,서울교통공사,CS100002,중식음식점,1.0,1.0,0.0,0.0,0.0,0.0,0.0
20261,A,골목상권,3110133,서울교통공사,CS100003,일식음식점,1.0,1.0,0.0,0.0,0.0,0.0,0.0
20261,A,골목상권,3110133,서울교통공사,CS100005,제과점,0.0,0.0,0.0,0.0,0.0,0.0,1.0
20261,A,골목상권,3110133,서울교통공사,CS100010,커피-음료,2.0,2.0,0.0,0.0,0.0,50.0,1.0
20261,A,골목상권,3110133,서울교통공사,CS200001,일반교습학원,2.0,2.0,0.0,0.0,0.0,0.0,0.0
20261,A,골목상권,3110133,서울교통공사,CS200005,스포츠 강습,1.0,1.0,0.0,0.0,0.0,0.0,0.0
20261,A,골목상권,3110133,서울교통공사,CS200015,세무사사무소,1.0,1.0,0.0,0.0,0.0,0.0,0.0
20261,A,골목상권,3110133,서울교통공사,CS200025,자동차수리,9.0,9.0,0.0,0.0,0.0,0.0,0.0
20261,A,골목상권,3110133,서울교통공사,CS200026,자동차미용,2.0,2.0,0.0,0.0,0.0,0.0,0.0
20261,A,골목상권,3110133,서울교통공사,CS200028,미용실,2.0,2.0,0.0,0.0,0.0,50.0,1.0
20261,A,골목상권,3110133,서울교통공사,CS200030,피부관리실,1.0,1.0,0.0,0.0,0.0,0.0,0.0
20261,A,골목상권,3110133,서울교통공사,CS200034,여관,1.0,1.0,0.0,0.0,0.0,0.0,0.0
20261,A,골목상권,3110133,서울교통공사,CS200040,녹음실,1.0,1.0,0.0,0.0,0.0,0.0,0.0
20261,A,골목상권,3110133,서울교통공사,CS200042,통번역서비스,0.0,0.0,0.0,0.0,0.0,0.0,1.0
20261,A,골목상권,3110133,서울교통공사,CS300007,육류판매,1.0,1.0,0.0,0.0,0.0,0.0,0.0
20261,A,골목상권,3110133,서울교통공사,CS300009,청과상,1.0,1.0,0.0,0.0,0.0,0.0,0.0
20261,A,골목상권,3110133,서울교통공사,CS300010,반찬가게,2.0,2.0,0.0,0.0,0.0,0.0,0.0
20261,A,골목상권,3110133,서울교통공사,CS300011,일반의류,4.0,4.0,0.0,0.0,0.0,0.0,0.0
20261,A,골목상권,3110133,서울교통공사,CS300015,가방,1.0,1.0,0.0,0.0,0.0,0.0,0.0
20261,A,골목상권,3110133,서울교통공사,CS300018,의약품,4.0,4.0,0.0,0.0,0.0,0.0,0.0
20261,A,골목상권,3110133,서울교통공사,CS300021,문구,2.0,2.0,0.0,0.0,0.0,0.0,0.0
20261,A,골목상권,3110133,서울교통공사,CS300031,가구,1.0,1.0,0.0,0.0,0.0,0.0,0.0
20261,A,골목상권,3110133,서울교통공사,CS300036,조명용품,3.0,3.0,0.0,0.0,0.0,0.0,0.0
20261,A,골목상권,3110133,서울교통공사,CS300038,자동차부품,16.0,16.0,0.0,0.0,0.0,0.0,0.0
20261,A,골목상권,3110133,서울교통공사,CS300042,주유소,1.0,1.0,0.0,0.0,0.0,0.0,0.0
20261,A,골목상권,3110133,서울교통공사,CS300043,전자상거래업,1.0,1.0,0.0,0.0,0.0,0.0,0.0
20261,A,골목상권,3110134,성수119안전센터,CS100001,한식음식점,37.0,36.0,1.0,8.0,3.0,3.0,1.0
20261,A,골목상권,3110134,성수119안전센터,CS100002,중식음식점,2.0,2.0,0.0,0.0,0.0,0.0,0.0
20261,A,골목상권,3110134,성수119안전센터,CS100003,일식음식점,3.0,3.0,0.0,0.0,0.0,0.0,0.0
20261,A,골목상권,3110134,성수119안전센터,CS100004,양식음식점,5.0,5.0,0.0,20.0,1.0,0.0,0.0
20261,A,골목상권,3110134,성수119안전센터,CS100005,제과점,6.0,6.0,0.0,17.0,1.0,0.0,0.0
20261,A,골목상권,3110134,성수119안전센터,CS100006,패스트푸드점,5.0,3.0,2.0,0.0,0.0,0.0,0.0
20261,A,골목상권,3110134,성수119안전센터,CS100007,치킨전문점,3.0,1.0,2.0,0.0,0.0,0.0,0.0
20261,A,골목상권,3110134,성수119안전센터,CS100008,분식전문점,3.0,3.0,0.0,0.0,0.0,0.0,0.0
20261,A,골목상권,3110134,성수119안전센터,CS100009,호프-간이주점,16.0,15.0,1.0,0.0,0.0,6.0,1.0
20261,A,골목상권,3110134,성수119안전센터,CS100010,커피-음료,18.0,18.0,0.0,6.0,1.0,6.0,1.0
20261,A,골목상권,3110134,성수119안전센터,CS200001,일반교습학원,4.0,4.0,0.0,0.0,0.0,0.0,0.0
20261,A,골목상권,3110134,성수119안전센터,CS200005,스포츠 강습,1.0,1.0,0.0,0.0,0.0,100.0,1.0
20261,A,골목상권,3110134,성수119안전센터,CS200006,일반의원,6.0,6.0,0.0,0.0,0.0,0.0,0.0
20261,A,골목상권,3110134,성수119안전센터,CS200007,치과의원,1.0,1.0,0.0,0.0,0.0,0.0,0.0
20261,A,골목상권,3110134,성수119안전센터,CS200008,한의원,1.0,1.0,0.0,0.0,0.0,0.0,0.0
20261,A,골목상권,3110134,성수119안전센터,CS200015,세무사사무소,1.0,1.0,0.0,0.0,0.0,0.0,0.0
20261,A,골목상권,3110134,성수119안전센터,CS200016,당구장,6.0,6.0,0.0,0.0,0.0,0.0,0.0
20261,A,골목상권,3110134,성수119안전센터,CS200017,골프연습장,1.0,1.0,0.0,0.0,0.0,0.0,0.0
20261,A,골목상권,3110134,성수119안전센터,CS200019,PC방,1.0,1.0,0.0,0.0,0.0,0.0,0.0
20261,A,골목상권,3110134,성수119안전센터,CS200021,기타오락장,1.0,1.0,0.0,0.0,0.0,0.0,0.0
20261,A,골목상권,3110134,성수119안전센터,CS200022,복권방,1.0,1.0,0.0,0.0,0.0,0.0,0.0
20261,A,골목상권,3110134,성수119안전센터,CS200023,통신기기수리,1.0,1.0,0.0,0.0,0.0,0.0,0.0
20261,A,골목상권,3110134,성수119안전센터,CS200024,스포츠클럽,1.0,1.0,0.0,0.0,0.0,0.0,0.0
20261,A,골목상권,3110134,성수119안전센터,CS200025,자동차수리,9.0,9.0,0.0,0.0,0.0,0.0,0.0
20261,A,골목상권,3110134,성수119안전센터,CS200026,자동차미용,2.0,2.0,0.0,0.0,0.0,0.0,0.0
20261,A,골목상권,3110134,성수119안전센터,CS200027,모터사이클수리,3.0,3.0,0.0,0.0,0.0,0.0,0.0
20261,A,골목상권,3110134,성수119안전센터,CS200028,미용실,9.0,9.0,0.0,0.0,0.0,0.0,0.0
20261,A,골목상권,3110134,성수119안전센터,CS200031,세탁소,3.0,3.0,0.0,0.0,0.0,0.0,0.0
20261,A,골목상권,3110134,성수119안전센터,CS200032,가전제품수리,3.0,3.0,0.0,0.0,0.0,0.0,0.0
20261,A,골목상권,3110134,성수119안전센터,CS200033,부동산중개업,21.0,21.0,0.0,0.0,0.0,0.0,0.0
20261,A,골목상권,3110134,성수119안전센터,CS200034,여관,5.0,5.0,0.0,0.0,0.0,0.0,0.0
20261,A,골목상권,3110134,성수119안전센터,CS200037,노래방,8.0,8.0,0.0,0.0,0.0,0.0,0.0
20261,A,골목상권,3110134,성수119안전센터,CS200038,독서실,1.0,1.0,0.0,0.0,0.0,0.0,0.0
20261,A,골목상권,3110134,성수119안전센터,CS200041,사진관,8.0,8.0,0.0,13.0,1.0,13.0,1.0
20261,A,골목상권,3110134,성수119안전센터,CS200042,통번역서비스,1.0,1.0,0.0,0.0,0.0,0.0,0.0
20261,A,골목상권,3110134,성수119안전센터,CS200043,건축물청소,5.0,5.0,0.0,0.0,0.0,0.0,0.0
20261,A,골목상권,3110134,성수119안전센터,CS200047,가정용품임대,2.0,2.0,0.0,0.0,0.0,0.0,0.0
20261,A,골목상권,3110134,성수119안전센터,CS300001,슈퍼마켓,6.0,5.0,1.0,0.0,0.0,0.0,0.0
20261,A,골목상권,3110134,성수119안전센터,CS300002,편의점,4.0,0.0,4.0,0.0,0.0,0.0,0.0
20261,A,골목상권,3110134,성수119안전센터,CS300003,컴퓨터및주변장치판매,5.0,5.0,0.0,0.0,0.0,0.0,0.0
20261,A,골목상권,3110134,성수119안전센터,CS300004,핸드폰,3.0,3.0,0.0,0.0,0.0,0.0,0.0
20261,A,골목상권,3110134,성수119안전센터,CS300006,미곡판매,2.0,2.0,0.0,0.0,0.0,0.0,0.0
20261,A,골목상권,3110134,성수119안전센터,CS300007,육류판매,2.0,2.0,0.0,0.0,0.0,0.0,0.0
20261,A,골목상권,3110134,성수119안전센터,CS300008,수산물판매,5.0,5.0,0.0,0.0,0.0,40.0,2.0
20261,A,골목상권,3110134,성수119안전센터,CS300009,청과상,2.0,2.0,0.0,0.0,0.0,0.0,0.0
20261,A,골목상권,3110134,성수119안전센터,CS300010,반찬가게,1.0,1.0,0.0,0.0,0.0,0.0,0.0
20261,A,골목상권,3110134,성수119안전센터,CS300011,일반의류,14.0,14.0,0.0,0.0,0.0,0.0,0.0
20261,A,골목상권,3110134,성수119안전센터,CS300014,신발,6.0,6.0,0.0,17.0,1.0,0.0,0.0
20261,A,골목상권,3110134,성수119안전센터,CS300015,가방,1.0,1.0,0.0,0.0,0.0,0.0,0.0
20261,A,골목상권,3110134,성수119안전센터,CS300017,시계및귀금속,1.0,1.0,0.0,0.0,0.0,0.0,0.0
20261,A,골목상권,3110134,성수119안전센터,CS300018,의약품,7.0,7.0,0.0,0.0,0.0,0.0,0.0
20261,A,골목상권,3110134,성수119안전센터,CS300020,서적,1.0,1.0,0.0,0.0,0.0,0.0,0.0
20261,A,골목상권,3110134,성수119안전센터,CS300021,문구,2.0,2.0,0.0,0.0,0.0,0.0,0.0
20261,A,골목상권,3110134,성수119안전센터,CS300022,화장품,2.0,2.0,0.0,0.0,0.0,0.0,0.0
20261,A,골목상권,3110134,성수119안전센터,CS300023,미용재료,1.0,1.0,0.0,0.0,0.0,0.0,0.0
20261,A,골목상권,3110134,성수119안전센터,CS300024,운동/경기용품,5.0,5.0,0.0,0.0,0.0,0.0,0.0
20261,A,골목상권,3110134,성수119안전센터,CS300025,자전거 및 기타운송장비,3.0,3.0,0.0,0.0,0.0,0.0,0.0
20261,A,골목상권,3110134,성수119안전센터,CS300027,섬유제품,1.0,1.0,0.0,0.0,0.0,0.0,0.0
20261,A,골목상권,3110134,성수119안전센터,CS300028,화초,8.0,8.0,0.0,0.0,0.0,0.0,0.0
20261,A,골목상권,3110134,성수119안전센터,CS300029,애완동물,1.0,1.0,0.0,0.0,0.0,0.0,0.0
20261,A,골목상권,3110134,성수119안전센터,CS300031,가구,1.0,1.0,0.0,0.0,0.0,0.0,0.0
20261,A,골목상권,3110134,성수119안전센터,CS300032,가전제품,1.0,1.0,0.0,0.0,0.0,0.0,0.0
20261,A,골목상권,3110134,성수119안전센터,CS300033,철물점,1.0,1.0,0.0,0.0,0.0,0.0,0.0
20261,A,골목상권,3110134,성수119안전센터,CS300034,악기,1.0,1.0,0.0,0.0,0.0,0.0,0.0
20261,A,골목상권,3110134,성수119안전센터,CS300035,인테리어,5.0,5.0,0.0,0.0,0.0,0.0,0.0
20261,A,골목상권,3110134,성수119안전센터,CS300036,조명용품,3.0,3.0,0.0,0.0,0.0,0.0,0.0
20261,A,골목상권,3110134,성수119안전센터,CS300038,자동차부품,2.0,2.0,0.0,0.0,0.0,0.0,0.0
20261,A,골목상권,3110134,성수119안전센터,CS300039,모터사이클및부품,3.0,3.0,0.0,0.0,0.0,0.0,0.0
20261,A,골목상권,3110134,성수119안전센터,CS300040,재생용품 판매점,3.0,3.0,0.0,0.0,0.0,0.0,0.0
20261,A,골목상권,3110134,성수119안전센터,CS300041,예술품,2.0,2.0,0.0,100.0,2.0,50.0,1.0
20261,A,골목상권,3110134,성수119안전센터,CS300043,전자상거래업,9.0,9.0,0.0,0.0,0.0,0.0,0.0
20261,A,골목상권,3110135,성동세무서,CS100001,한식음식점,14.0,13.0,1.0,0.0,0.0,7.0,1.0
20261,A,골목상권,3110135,성동세무서,CS100002,중식음식점,2.0,2.0,0.0,0.0,0.0,0.0,0.0
20261,A,골목상권,3110135,성동세무서,CS100003,일식음식점,1.0,1.0,0.0,0.0,0.0,0.0,0.0
20261,A,골목상권,3110135,성동세무서,CS100004,양식음식점,1.0,1.0,0.0,0.0,0.0,0.0,0.0
20261,A,골목상권,3110135,성동세무서,CS100008,분식전문점,1.0,1.0,0.0,0.0,0.0,0.0,0.0
20261,A,골목상권,3110135,성동세무서,CS100009,호프-간이주점,1.0,1.0,0.0,0.0,0.0,0.0,0.0
20261,A,골목상권,3110135,성동세무서,CS100010,커피-음료,9.0,9.0,0.0,0.0,0.0,11.0,1.0
20261,A,골목상권,3110135,성동세무서,CS200001,일반교습학원,2.0,2.0,0.0,0.0,0.0,0.0,0.0
20261,A,골목상권,3110135,성동세무서,CS200005,스포츠 강습,4.0,4.0,0.0,0.0,0.0,0.0,0.0
20261,A,골목상권,3110135,성동세무서,CS200006,일반의원,3.0,3.0,0.0,0.0,0.0,0.0,0.0
20261,A,골목상권,3110135,성동세무서,CS200010,변호사사무소,1.0,1.0,0.0,0.0,0.0,0.0,0.0
20261,A,골목상권,3110135,성동세무서,CS200012,법무사사무소,1.0,1.0,0.0,0.0,0.0,0.0,0.0
20261,A,골목상권,3110135,성동세무서,CS200015,세무사사무소,50.0,50.0,0.0,0.0,0.0,0.0,0.0
20261,A,골목상권,3110135,성동세무서,CS200016,당구장,1.0,1.0,0.0,0.0,0.0,0.0,0.0
20261,A,골목상권,3110135,성동세무서,CS200025,자동차수리,2.0,2.0,0.0,0.0,0.0,0.0,0.0
20261,A,골목상권,3110135,성동세무서,CS200026,자동차미용,1.0,1.0,0.0,0.0,0.0,0.0,0.0
20261,A,골목상권,3110135,성동세무서,CS200028,미용실,0.0,0.0,0.0,0.0,0.0,0.0,1.0
20261,A,골목상권,3110135,성동세무서,CS200029,네일숍,1.0,1.0,0.0,0.0,0.0,0.0,0.0
20261,A,골목상권,3110135,성동세무서,CS200030,피부관리실,3.0,3.0,0.0,0.0,0.0,0.0,0.0
20261,A,골목상권,3110135,성동세무서,CS200032,가전제품수리,2.0,2.0,0.0,0.0,0.0,0.0,0.0
20261,A,골목상권,3110135,성동세무서,CS200033,부동산중개업,7.0,7.0,0.0,0.0,0.0,0.0,0.0
20261,A,골목상권,3110135,성동세무서,CS200034,여관,2.0,2.0,0.0,0.0,0.0,50.0,1.0
20261,A,골목상권,3110135,성동세무서,CS200037,노래방,2.0,2.0,0.0,0.0,0.0,0.0,0.0
20261,A,골목상권,3110135,성동세무서,CS200038,독서실,1.0,1.0,0.0,0.0,0.0,0.0,0.0
20261,A,골목상권,3110135,성동세무서,CS200041,사진관,6.0,6.0,0.0,0.0,0.0,0.0,0.0
20261,A,골목상권,3110135,성동세무서,CS200043,건축물청소,2.0,2.0,0.0,0.0,0.0,0.0,0.0
20261,A,골목상권,3110135,성동세무서,CS200044,여행사,2.0,2.0,0.0,0.0,0.0,0.0,0.0
20261,A,골목상권,3110135,성동세무서,CS300001,슈퍼마켓,3.0,2.0,1.0,0.0,0.0,0.0,0.0
20261,A,골목상권,3110135,성동세무서,CS300002,편의점,1.0,0.0,1.0,0.0,0.0,0.0,0.0
20261,A,골목상권,3110135,성동세무서,CS300003,컴퓨터및주변장치판매,2.0,2.0,0.0,0.0,0.0,0.0,0.0
20261,A,골목상권,3110135,성동세무서,CS300005,주류도매,2.0,2.0,0.0,0.0,0.0,0.0,0.0
20261,A,골목상권,3110135,성동세무서,CS300008,수산물판매,1.0,1.0,0.0,0.0,0.0,0.0,0.0
20261,A,골목상권,3110135,성동세무서,CS300010,반찬가게,1.0,1.0,0.0,0.0,0.0,0.0,0.0
20261,A,골목상권,3110135,성동세무서,CS300011,일반의류,5.0,5.0,0.0,0.0,0.0,0.0,0.0
20261,A,골목상권,3110135,성동세무서,CS300014,신발,1.0,1.0,0.0,0.0,0.0,0.0,0.0
20261,A,골목상권,3110135,성동세무서,CS300017,시계및귀금속,1.0,1.0,0.0,0.0,0.0,0.0,0.0
20261,A,골목상권,3110135,성동세무서,CS300018,의약품,2.0,2.0,0.0,0.0,0.0,0.0,0.0
20261,A,골목상권,3110135,성동세무서,CS300019,의료기기,1.0,1.0,0.0,0.0,0.0,0.0,0.0
20261,A,골목상권,3110135,성동세무서,CS300022,화장품,3.0,3.0,0.0,0.0,0.0,0.0,0.0
20261,A,골목상권,3110135,성동세무서,CS300023,미용재료,1.0,1.0,0.0,0.0,0.0,0.0,0.0
20261,A,골목상권,3110135,성동세무서,CS300031,가구,1.0,1.0,0.0,0.0,0.0,0.0,0.0
20261,A,골목상권,3110135,성동세무서,CS300036,조명용품,2.0,2.0,0.0,0.0,0.0,0.0,0.0
20261,A,골목상권,3110135,성동세무서,CS300037,중고차판매,1.0,1.0,0.0,0.0,0.0,0.0,0.0
20261,A,골목상권,3110135,성동세무서,CS300038,자동차부품,3.0,3.0,0.0,0.0,0.0,0.0,0.0
20261,A,골목상권,3110135,성동세무서,CS300039,모터사이클및부품,1.0,1.0,0.0,0.0,0.0,0.0,0.0
20261,A,골목상권,3110135,성동세무서,CS300043,전자상거래업,7.0,7.0,0.0,0.0,0.0,0.0,0.0
20261,A,골목상권,3110136,경수초등학교,CS100001,한식음식점,28.0,27.0,1.0,0.0,0.0,4.0,1.0
20261,A,골목상권,3110136,경수초등학교,CS100002,중식음식점,5.0,5.0,0.0,0.0,0.0,0.0,0.0
20261,A,골목상권,3110136,경수초등학교,CS100003,일식음식점,10.0,10.0,0.0,0.0,0.0,0.0,0.0
20261,A,골목상권,3110136,경수초등학교,CS100004,양식음식점,32.0,32.0,0.0,0.0,0.0,3.0,1.0
20261,A,골목상권,3110136,경수초등학교,CS100005,제과점,12.0,12.0,0.0,0.0,0.0,17.0,2.0
20261,A,골목상권,3110136,경수초등학교,CS100006,패스트푸드점,9.0,7.0,2.0,0.0,0.0,11.0,1.0
20261,A,골목상권,3110136,경수초등학교,CS100007,치킨전문점,2.0,1.0,1.0,0.0,0.0,0.0,0.0
20261,A,골목상권,3110136,경수초등학교,CS100008,분식전문점,9.0,8.0,1.0,11.0,1.0,0.0,0.0
20261,A,골목상권,3110136,경수초등학교,CS100009,호프-간이주점,10.0,10.0,0.0,10.0,1.0,0.0,0.0
20261,A,골목상권,3110136,경수초등학교,CS100010,커피-음료,51.0,47.0,4.0,4.0,2.0,2.0,1.0
20261,A,골목상권,3110136,경수초등학교,CS200001,일반교습학원,1.0,1.0,0.0,0.0,0.0,0.0,0.0
20261,A,골목상권,3110136,경수초등학교,CS200002,외국어학원,1.0,1.0,0.0,0.0,0.0,0.0,0.0
20261,A,골목상권,3110136,경수초등학교,CS200003,예술학원,2.0,2.0,0.0,0.0,0.0,0.0,0.0
20261,A,골목상권,3110136,경수초등학교,CS200005,스포츠 강습,5.0,5.0,0.0,0.0,0.0,0.0,0.0
20261,A,골목상권,3110136,경수초등학교,CS200012,법무사사무소,1.0,1.0,0.0,0.0,0.0,0.0,0.0
20261,A,골목상권,3110136,경수초등학교,CS200013,기타법무서비스,1.0,1.0,0.0,0.0,0.0,0.0,0.0
20261,A,골목상권,3110136,경수초등학교,CS200014,회계사사무소,2.0,2.0,0.0,0.0,0.0,0.0,0.0
20261,A,골목상권,3110136,경수초등학교,CS200015,세무사사무소,1.0,1.0,0.0,0.0,0.0,0.0,0.0
20261,A,골목상권,3110136,경수초등학교,CS200017,골프연습장,2.0,1.0,1.0,0.0,0.0,50.0,1.0
20261,A,골목상권,3110136,경수초등학교,CS200018,볼링장,2.0,2.0,0.0,0.0,0.0,0.0,0.0
20261,A,골목상권,3110136,경수초등학교,CS200022,복권방,1.0,1.0,0.0,0.0,0.0,0.0,0.0
20261,A,골목상권,3110136,경수초등학교,CS200025,자동차수리,14.0,13.0,1.0,0.0,0.0,0.0,0.0
20261,A,골목상권,3110136,경수초등학교,CS200026,자동차미용,5.0,5.0,0.0,0.0,0.0,20.0,1.0
20261,A,골목상권,3110136,경수초등학교,CS200028,미용실,5.0,5.0,0.0,20.0,1.0,0.0,0.0
20261,A,골목상권,3110136,경수초등학교,CS200029,네일숍,2.0,2.0,0.0,0.0,0.0,0.0,0.0
20261,A,골목상권,3110136,경수초등학교,CS200030,피부관리실,3.0,3.0,0.0,0.0,0.0,0.0,0.0
20261,A,골목상권,3110136,경수초등학교,CS200032,가전제품수리,2.0,2.0,0.0,0.0,0.0,0.0,0.0
20261,A,골목상권,3110136,경수초등학교,CS200033,부동산중개업,22.0,22.0,0.0,0.0,0.0,5.0,1.0
20261,A,골목상권,3110136,경수초등학교,CS200034,여관,1.0,1.0,0.0,0.0,0.0,0.0,0.0
20261,A,골목상권,3110136,경수초등학교,CS200036,고시원,1.0,1.0,0.0,0.0,0.0,0.0,0.0
20261,A,골목상권,3110136,경수초등학교,CS200037,노래방,1.0,1.0,0.0,0.0,0.0,0.0,0.0
20261,A,골목상권,3110136,경수초등학교,CS200038,독서실,1.0,1.0,0.0,0.0,0.0,0.0,0.0
20261,A,골목상권,3110136,경수초등학교,CS200040,녹음실,2.0,2.0,0.0,0.0,0.0,0.0,0.0
20261,A,골목상권,3110136,경수초등학교,CS200041,사진관,20.0,20.0,0.0,0.0,0.0,5.0,1.0
20261,A,골목상권,3110136,경수초등학교,CS200042,통번역서비스,2.0,2.0,0.0,0.0,0.0,0.0,0.0
20261,A,골목상권,3110136,경수초등학교,CS200043,건축물청소,1.0,1.0,0.0,0.0,0.0,0.0,0.0
20261,A,골목상권,3110136,경수초등학교,CS200047,가정용품임대,2.0,2.0,0.0,0.0,0.0,0.0,0.0
20261,A,골목상권,3110136,경수초등학교,CS300001,슈퍼마켓,21.0,21.0,0.0,14.0,3.0,0.0,0.0
20261,A,골목상권,3110136,경수초등학교,CS300002,편의점,13.0,3.0,10.0,0.0,0.0,0.0,0.0
20261,A,골목상권,3110136,경수초등학교,CS300003,컴퓨터및주변장치판매,12.0,12.0,0.0,8.0,1.0,0.0,0.0
20261,A,골목상권,3110136,경수초등학교,CS300004,핸드폰,3.0,3.0,0.0,0.0,0.0,33.0,1.0
20261,A,골목상권,3110136,경수초등학교,CS300005,주류도매,3.0,3.0,0.0,0.0,0.0,0.0,0.0
20261,A,골목상권,3110136,경수초등학교,CS300006,미곡판매,1.0,1.0,0.0,0.0,0.0,0.0,0.0
20261,A,골목상권,3110136,경수초등학교,CS300009,청과상,1.0,1.0,0.0,0.0,0.0,0.0,0.0
20261,A,골목상권,3110136,경수초등학교,CS300010,반찬가게,2.0,2.0,0.0,0.0,0.0,0.0,0.0
20261,A,골목상권,3110136,경수초등학교,CS300011,일반의류,75.0,75.0,0.0,8.0,6.0,1.0,1.0
20261,A,골목상권,3110136,경수초등학교,CS300014,신발,19.0,19.0,0.0,0.0,0.0,0.0,0.0
20261,A,골목상권,3110136,경수초등학교,CS300015,가방,4.0,4.0,0.0,25.0,1.0,0.0,0.0
20261,A,골목상권,3110136,경수초등학교,CS300016,안경,4.0,3.0,1.0,0.0,0.0,0.0,0.0
20261,A,골목상권,3110136,경수초등학교,CS300017,시계및귀금속,1.0,1.0,0.0,0.0,0.0,0.0,0.0
20261,A,골목상권,3110136,경수초등학교,CS300018,의약품,1.0,1.0,0.0,0.0,0.0,0.0,0.0
20261,A,골목상권,3110136,경수초등학교,CS300019,의료기기,2.0,2.0,0.0,0.0,0.0,0.0,0.0
20261,A,골목상권,3110136,경수초등학교,CS300020,서적,3.0,3.0,0.0,0.0,0.0,0.0,0.0
20261,A,골목상권,3110136,경수초등학교,CS300021,문구,7.0,7.0,0.0,0.0,0.0,0.0,0.0
20261,A,골목상권,3110136,경수초등학교,CS300022,화장품,27.0,27.0,0.0,0.0,0.0,4.0,1.0
20261,A,골목상권,3110136,경수초등학교,CS300023,미용재료,1.0,1.0,0.0,0.0,0.0,0.0,0.0
20261,A,골목상권,3110136,경수초등학교,CS300024,운동/경기용품,4.0,4.0,0.0,0.0,0.0,0.0,0.0
20261,A,골목상권,3110136,경수초등학교,CS300025,자전거 및 기타운송장비,1.0,1.0,0.0,0.0,0.0,0.0,0.0
20261,A,골목상권,3110136,경수초등학교,CS300026,완구,2.0,2.0,0.0,50.0,1.0,0.0,0.0
20261,A,골목상권,3110136,경수초등학교,CS300027,섬유제품,2.0,2.0,0.0,0.0,0.0,0.0,0.0
20261,A,골목상권,3110136,경수초등학교,CS300028,화초,5.0,5.0,0.0,0.0,0.0,0.0,0.0
20261,A,골목상권,3110136,경수초등학교,CS300029,애완동물,2.0,2.0,0.0,0.0,0.0,0.0,0.0
20261,A,골목상권,3110136,경수초등학교,CS300031,가구,1.0,1.0,0.0,0.0,0.0,0.0,0.0
20261,A,골목상권,3110136,경수초등학교,CS300032,가전제품,2.0,2.0,0.0,0.0,0.0,0.0,0.0
20261,A,골목상권,3110136,경수초등학교,CS300033,철물점,6.0,6.0,0.0,0.0,0.0,0.0,0.0
20261,A,골목상권,3110136,경수초등학교,CS300034,악기,1.0,1.0,0.0,0.0,0.0,0.0,0.0
20261,A,골목상권,3110136,경수초등학교,CS300035,인테리어,5.0,5.0,0.0,0.0,0.0,0.0,0.0
20261,A,골목상권,3110136,경수초등학교,CS300036,조명용품,8.0,8.0,0.0,0.0,0.0,0.0,0.0
20261,A,골목상권,3110136,경수초등학교,CS300038,자동차부품,9.0,9.0,0.0,0.0,0.0,0.0,0.0
20261,A,골목상권,3110136,경수초등학교,CS300039,모터사이클및부품,1.0,1.0,0.0,0.0,0.0,100.0,1.0
20261,A,골목상권,3110136,경수초등학교,CS300040,재생용품 판매점,4.0,4.0,0.0,0.0,0.0,0.0,0.0
20261,A,골목상권,3110136,경수초등학교,CS300041,예술품,10.0,10.0,0.0,0.0,0.0,0.0,0.0
20261,A,골목상권,3110136,경수초등학교,CS300042,주유소,1.0,1.0,0.0,0.0,0.0,0.0,0.0
20261,A,골목상권,3110136,경수초등학교,CS300043,전자상거래업,17.0,17.0,0.0,0.0,0.0,0.0,0.0
20261,A,골목상권,3110137,성수초등학교,CS100001,한식음식점,61.0,51.0,10.0,2.0,1.0,0.0,0.0
20261,A,골목상권,3110137,성수초등학교,CS100002,중식음식점,4.0,4.0,0.0,0.0,0.0,0.0,0.0
20261,A,골목상권,3110137,성수초등학교,CS100003,일식음식점,5.0,4.0,1.0,0.0,0.0,0.0,0.0
20261,A,골목상권,3110137,성수초등학교,CS100004,양식음식점,8.0,7.0,1.0,0.0,0.0,0.0,0.0
20261,A,골목상권,3110137,성수초등학교,CS100005,제과점,7.0,5.0,2.0,0.0,0.0,14.0,1.0
20261,A,골목상권,3110137,성수초등학교,CS100006,패스트푸드점,4.0,3.0,1.0,0.0,0.0,25.0,1.0
20261,A,골목상권,3110137,성수초등학교,CS100007,치킨전문점,2.0,0.0,2.0,0.0,0.0,0.0,0.0
20261,A,골목상권,3110137,성수초등학교,CS100008,분식전문점,5.0,5.0,0.0,0.0,0.0,0.0,0.0
20261,A,골목상권,3110137,성수초등학교,CS100009,호프-간이주점,3.0,3.0,0.0,0.0,0.0,33.0,1.0
20261,A,골목상권,3110137,성수초등학교,CS100010,커피-음료,54.0,41.0,13.0,2.0,1.0,0.0,0.0
20261,A,골목상권,3110137,성수초등학교,CS200001,일반교습학원,8.0,7.0,1.0,0.0,0.0,13.0,1.0
20261,A,골목상권,3110137,성수초등학교,CS200002,외국어학원,1.0,0.0,1.0,0.0,0.0,0.0,0.0
20261,A,골목상권,3110137,성수초등학교,CS200005,스포츠 강습,5.0,4.0,1.0,0.0,0.0,0.0,0.0
20261,A,골목상권,3110137,성수초등학교,CS200006,일반의원,2.0,2.0,0.0,0.0,0.0,0.0,0.0
20261,A,골목상권,3110137,성수초등학교,CS200007,치과의원,1.0,1.0,0.0,0.0,0.0,0.0,0.0
20261,A,골목상권,3110137,성수초등학교,CS200009,동물병원,1.0,1.0,0.0,0.0,0.0,0.0,0.0
20261,A,골목상권,3110137,성수초등학교,CS200010,변호사사무소,2.0,2.0,0.0,0.0,0.0,0.0,0.0
20261,A,골목상권,3110137,성수초등학교,CS200011,변리사사무소,3.0,3.0,0.0,0.0,0.0,0.0,0.0
20261,A,골목상권,3110137,성수초등학교,CS200012,법무사사무소,2.0,2.0,0.0,0.0,0.0,0.0,0.0
20261,A,골목상권,3110137,성수초등학교,CS200013,기타법무서비스,7.0,7.0,0.0,0.0,0.0,0.0,0.0
20261,A,골목상권,3110137,성수초등학교,CS200014,회계사사무소,4.0,4.0,0.0,0.0,0.0,0.0,0.0
20261,A,골목상권,3110137,성수초등학교,CS200015,세무사사무소,43.0,43.0,0.0,0.0,0.0,0.0,0.0
20261,A,골목상권,3110137,성수초등학교,CS200016,당구장,2.0,2.0,0.0,0.0,0.0,50.0,1.0
20261,A,골목상권,3110137,성수초등학교,CS200017,골프연습장,3.0,3.0,0.0,0.0,0.0,33.0,1.0
20261,A,골목상권,3110137,성수초등학교,CS200021,기타오락장,2.0,1.0,1.0,0.0,0.0,0.0,0.0
20261,A,골목상권,3110137,성수초등학교,CS200022,복권방,2.0,2.0,0.0,0.0,0.0,0.0,0.0
20261,A,골목상권,3110137,성수초등학교,CS200024,스포츠클럽,1.0,1.0,0.0,0.0,0.0,0.0,0.0
20261,A,골목상권,3110137,성수초등학교,CS200025,자동차수리,35.0,35.0,0.0,0.0,0.0,3.0,1.0
20261,A,골목상권,3110137,성수초등학교,CS200026,자동차미용,8.0,8.0,0.0,0.0,0.0,0.0,0.0
20261,A,골목상권,3110137,성수초등학교,CS200027,모터사이클수리,3.0,3.0,0.0,0.0,0.0,0.0,0.0
20261,A,골목상권,3110137,성수초등학교,CS200028,미용실,2.0,1.0,1.0,0.0,0.0,0.0,0.0
20261,A,골목상권,3110137,성수초등학교,CS200030,피부관리실,3.0,3.0,0.0,0.0,0.0,0.0,0.0
20261,A,골목상권,3110137,성수초등학교,CS200031,세탁소,2.0,2.0,0.0,0.0,0.0,0.0,0.0
20261,A,골목상권,3110137,성수초등학교,CS200032,가전제품수리,3.0,3.0,0.0,0.0,0.0,33.0,1.0
20261,A,골목상권,3110137,성수초등학교,CS200033,부동산중개업,31.0,31.0,0.0,0.0,0.0,0.0,0.0
20261,A,골목상권,3110137,성수초등학교,CS200034,여관,1.0,1.0,0.0,0.0,0.0,0.0,0.0
20261,A,골목상권,3110137,성수초등학교,CS200041,사진관,13.0,13.0,0.0,0.0,0.0,0.0,0.0
20261,A,골목상권,3110137,성수초등학교,CS200042,통번역서비스,4.0,4.0,0.0,0.0,0.0,0.0,0.0
20261,A,골목상권,3110137,성수초등학교,CS200043,건축물청소,2.0,2.0,0.0,0.0,0.0,0.0,0.0
20261,A,골목상권,3110137,성수초등학교,CS200044,여행사,3.0,3.0,0.0,33.0,1.0,0.0,0.0
20261,A,골목상권,3110137,성수초등학교,CS200047,가정용품임대,3.0,3.0,0.0,0.0,0.0,0.0,0.0
20261,A,골목상권,3110137,성수초등학교,CS300001,슈퍼마켓,15.0,12.0,3.0,13.0,2.0,13.0,2.0
20261,A,골목상권,3110137,성수초등학교,CS300002,편의점,9.0,1.0,8.0,0.0,0.0,0.0,0.0
20261,A,골목상권,3110137,성수초등학교,CS300003,컴퓨터및주변장치판매,15.0,15.0,0.0,0.0,0.0,0.0,0.0
20261,A,골목상권,3110137,성수초등학교,CS300004,핸드폰,3.0,3.0,0.0,0.0,0.0,0.0,0.0
20261,A,골목상권,3110137,성수초등학교,CS300005,주류도매,4.0,4.0,0.0,0.0,0.0,0.0,0.0
20261,A,골목상권,3110137,성수초등학교,CS300007,육류판매,4.0,4.0,0.0,0.0,0.0,0.0,0.0
20261,A,골목상권,3110137,성수초등학교,CS300008,수산물판매,1.0,1.0,0.0,0.0,0.0,0.0,0.0
20261,A,골목상권,3110137,성수초등학교,CS300009,청과상,4.0,4.0,0.0,0.0,0.0,0.0,0.0
20261,A,골목상권,3110137,성수초등학교,CS300010,반찬가게,23.0,21.0,2.0,0.0,0.0,4.0,1.0
20261,A,골목상권,3110137,성수초등학교,CS300011,일반의류,61.0,61.0,0.0,0.0,0.0,2.0,1.0
20261,A,골목상권,3110137,성수초등학교,CS300013,유아의류,2.0,2.0,0.0,0.0,0.0,0.0,0.0
20261,A,골목상권,3110137,성수초등학교,CS300014,신발,5.0,5.0,0.0,0.0,0.0,0.0,0.0
20261,A,골목상권,3110137,성수초등학교,CS300016,안경,3.0,3.0,0.0,0.0,0.0,0.0,0.0
20261,A,골목상권,3110137,성수초등학교,CS300017,시계및귀금속,1.0,1.0,0.0,0.0,0.0,0.0,0.0
20261,A,골목상권,3110137,성수초등학교,CS300018,의약품,6.0,6.0,0.0,0.0,0.0,0.0,0.0
20261,A,골목상권,3110137,성수초등학교,CS300019,의료기기,7.0,7.0,0.0,0.0,0.0,0.0,0.0
20261,A,골목상권,3110137,성수초등학교,CS300020,서적,5.0,5.0,0.0,0.0,0.0,0.0,0.0
20261,A,골목상권,3110137,성수초등학교,CS300021,문구,7.0,6.0,1.0,0.0,0.0,0.0,0.0
20261,A,골목상권,3110137,성수초등학교,CS300022,화장품,33.0,33.0,0.0,3.0,1.0,0.0,0.0
20261,A,골목상권,3110137,성수초등학교,CS300023,미용재료,3.0,3.0,0.0,0.0,0.0,0.0,0.0
20261,A,골목상권,3110137,성수초등학교,CS300024,운동/경기용품,11.0,11.0,0.0,0.0,0.0,0.0,0.0
20261,A,골목상권,3110137,성수초등학교,CS300025,자전거 및 기타운송장비,3.0,3.0,0.0,0.0,0.0,0.0,0.0
20261,A,골목상권,3110137,성수초등학교,CS300027,섬유제품,6.0,5.0,1.0,0.0,0.0,0.0,0.0
20261,A,골목상권,3110137,성수초등학교,CS300028,화초,6.0,6.0,0.0,0.0,0.0,0.0,0.0
20261,A,골목상권,3110137,성수초등학교,CS300029,애완동물,3.0,3.0,0.0,0.0,0.0,0.0,0.0
20261,A,골목상권,3110137,성수초등학교,CS300031,가구,1.0,1.0,0.0,0.0,0.0,0.0,0.0
20261,A,골목상권,3110137,성수초등학교,CS300032,가전제품,3.0,3.0,0.0,0.0,0.0,0.0,0.0
20261,A,골목상권,3110137,성수초등학교,CS300035,인테리어,3.0,3.0,0.0,0.0,0.0,0.0,0.0
20261,A,골목상권,3110137,성수초등학교,CS300036,조명용품,8.0,8.0,0.0,0.0,0.0,0.0,0.0
20261,A,골목상권,3110137,성수초등학교,CS300037,중고차판매,5.0,5.0,0.0,0.0,0.0,0.0,0.0
20261,A,골목상권,3110137,성수초등학교,CS300038,자동차부품,35.0,35.0,0.0,0.0,0.0,0.0,0.0
20261,A,골목상권,3110137,성수초등학교,CS300039,모터사이클및부품,2.0,2.0,0.0,0.0,0.0,0.0,0.0
20261,A,골목상권,3110137,성수초등학교,CS300040,재생용품 판매점,3.0,3.0,0.0,0.0,0.0,0.0,0.0
20261,A,골목상권,3110137,성수초등학교,CS300041,예술품,3.0,3.0,0.0,0.0,0.0,0.0,0.0
20261,A,골목상권,3110137,성수초등학교,CS300042,주유소,3.0,3.0,0.0,0.0,0.0,0.0,0.0
20261,A,골목상권,3110137,성수초등학교,CS300043,전자상거래업,19.0,19.0,0.0,0.0,0.0,5.0,1.0
20261,A,골목상권,3110138,송정체육공원,CS100001,한식음식점,16.0,16.0,0.0,13.0,2.0,0.0,0.0
20261,A,골목상권,3110138,송정체육공원,CS100004,양식음식점,4.0,4.0,0.0,0.0,0.0,0.0,0.0
20261,A,골목상권,3110138,송정체육공원,CS100005,제과점,4.0,4.0,0.0,0.0,0.0,0.0,0.0
20261,A,골목상권,3110138,송정체육공원,CS100006,패스트푸드점,2.0,1.0,1.0,0.0,0.0,50.0,1.0
20261,A,골목상권,3110138,송정체육공원,CS100007,치킨전문점,3.0,3.0,0.0,0.0,0.0,33.0,1.0
20261,A,골목상권,3110138,송정체육공원,CS100008,분식전문점,5.0,5.0,0.0,0.0,0.0,0.0,0.0
20261,A,골목상권,3110138,송정체육공원,CS100009,호프-간이주점,1.0,1.0,0.0,0.0,0.0,0.0,0.0
20261,A,골목상권,3110138,송정체육공원,CS100010,커피-음료,10.0,9.0,1.0,0.0,0.0,0.0,0.0
20261,A,골목상권,3110138,송정체육공원,CS200001,일반교습학원,6.0,5.0,1.0,0.0,0.0,0.0,0.0
20261,A,골목상권,3110138,송정체육공원,CS200002,외국어학원,2.0,2.0,0.0,0.0,0.0,0.0,0.0
20261,A,골목상권,3110138,송정체육공원,CS200003,예술학원,2.0,2.0,0.0,0.0,0.0,0.0,0.0
20261,A,골목상권,3110138,송정체육공원,CS200005,스포츠 강습,2.0,2.0,0.0,0.0,0.0,0.0,0.0
20261,A,골목상권,3110138,송정체육공원,CS200006,일반의원,1.0,1.0,0.0,0.0,0.0,0.0,0.0
20261,A,골목상권,3110138,송정체육공원,CS200016,당구장,1.0,1.0,0.0,0.0,0.0,0.0,0.0
20261,A,골목상권,3110138,송정체육공원,CS200019,PC방,1.0,1.0,0.0,0.0,0.0,100.0,1.0
20261,A,골목상권,3110138,송정체육공원,CS200022,복권방,3.0,3.0,0.0,0.0,0.0,0.0,0.0
20261,A,골목상권,3110138,송정체육공원,CS200025,자동차수리,3.0,3.0,0.0,0.0,0.0,0.0,0.0
20261,A,골목상권,3110138,송정체육공원,CS200026,자동차미용,1.0,1.0,0.0,0.0,0.0,0.0,0.0
20261,A,골목상권,3110138,송정체육공원,CS200027,모터사이클수리,1.0,1.0,0.0,0.0,0.0,0.0,0.0
20261,A,골목상권,3110138,송정체육공원,CS200028,미용실,15.0,15.0,0.0,0.0,0.0,0.0,0.0
20261,A,골목상권,3110138,송정체육공원,CS200030,피부관리실,1.0,1.0,0.0,0.0,0.0,0.0,0.0
20261,A,골목상권,3110138,송정체육공원,CS200031,세탁소,7.0,6.0,1.0,0.0,0.0,0.0,0.0
20261,A,골목상권,3110138,송정체육공원,CS200032,가전제품수리,1.0,1.0,0.0,0.0,0.0,0.0,0.0
20261,A,골목상권,3110138,송정체육공원,CS200033,부동산중개업,10.0,10.0,0.0,0.0,0.0,0.0,0.0
20261,A,골목상권,3110138,송정체육공원,CS200034,여관,4.0,4.0,0.0,0.0,0.0,0.0,0.0
20261,A,골목상권,3110138,송정체육공원,CS200035,게스트하우스,1.0,1.0,0.0,0.0,0.0,0.0,0.0
20261,A,골목상권,3110138,송정체육공원,CS200038,독서실,1.0,1.0,0.0,0.0,0.0,100.0,1.0
20261,A,골목상권,3110138,송정체육공원,CS200041,사진관,3.0,3.0,0.0,0.0,0.0,0.0,0.0
20261,A,골목상권,3110138,송정체육공원,CS200043,건축물청소,3.0,3.0,0.0,0.0,0.0,0.0,0.0
20261,A,골목상권,3110138,송정체육공원,CS300001,슈퍼마켓,4.0,3.0,1.0,0.0,0.0,0.0,0.0
20261,A,골목상권,3110138,송정체육공원,CS300002,편의점,2.0,1.0,1.0,0.0,0.0,0.0,0.0
20261,A,골목상권,3110138,송정체육공원,CS300003,컴퓨터및주변장치판매,3.0,3.0,0.0,0.0,0.0,0.0,0.0
20261,A,골목상권,3110138,송정체육공원,CS300004,핸드폰,1.0,1.0,0.0,0.0,0.0,0.0,0.0
20261,A,골목상권,3110138,송정체육공원,CS300005,주류도매,2.0,2.0,0.0,0.0,0.0,0.0,0.0
20261,A,골목상권,3110138,송정체육공원,CS300007,육류판매,3.0,3.0,0.0,0.0,0.0,0.0,0.0
20261,A,골목상권,3110138,송정체육공원,CS300009,청과상,1.0,1.0,0.0,0.0,0.0,0.0,0.0
20261,A,골목상권,3110138,송정체육공원,CS300010,반찬가게,2.0,2.0,0.0,0.0,0.0,0.0,0.0
20261,A,골목상권,3110138,송정체육공원,CS300011,일반의류,8.0,8.0,0.0,0.0,0.0,0.0,0.0
20261,A,골목상권,3110138,송정체육공원,CS300013,유아의류,1.0,1.0,0.0,0.0,0.0,0.0,0.0
20261,A,골목상권,3110138,송정체육공원,CS300017,시계및귀금속,1.0,1.0,0.0,0.0,0.0,0.0,0.0
20261,A,골목상권,3110138,송정체육공원,CS300018,의약품,2.0,2.0,0.0,0.0,0.0,0.0,0.0
20261,A,골목상권,3110138,송정체육공원,CS300020,서적,2.0,2.0,0.0,0.0,0.0,0.0,0.0
20261,A,골목상권,3110138,송정체육공원,CS300022,화장품,3.0,3.0,0.0,0.0,0.0,0.0,0.0
20261,A,골목상권,3110138,송정체육공원,CS300024,운동/경기용품,2.0,2.0,0.0,0.0,0.0,0.0,0.0
20261,A,골목상권,3110138,송정체육공원,CS300025,자전거 및 기타운송장비,1.0,1.0,0.0,0.0,0.0,0.0,0.0
20261,A,골목상권,3110138,송정체육공원,CS300028,화초,3.0,3.0,0.0,0.0,0.0,0.0,0.0
20261,A,골목상권,3110138,송정체육공원,CS300029,애완동물,1.0,1.0,0.0,0.0,0.0,0.0,0.0
20261,A,골목상권,3110138,송정체육공원,CS300031,가구,1.0,1.0,0.0,0.0,0.0,0.0,0.0
20261,A,골목상권,3110138,송정체육공원,CS300032,가전제품,1.0,1.0,0.0,0.0,0.0,0.0,0.0
20261,A,골목상권,3110138,송정체육공원,CS300033,철물점,2.0,2.0,0.0,0.0,0.0,0.0,0.0
20261,A,골목상권,3110138,송정체육공원,CS300035,인테리어,4.0,4.0,0.0,0.0,0.0,0.0,0.0
20261,A,골목상권,3110138,송정체육공원,CS300036,조명용품,1.0,1.0,0.0,0.0,0.0,0.0,0.0
20261,A,골목상권,3110138,송정체육공원,CS300038,자동차부품,2.0,2.0,0.0,0.0,0.0,0.0,0.0
20261,A,골목상권,3110138,송정체육공원,CS300039,모터사이클및부품,2.0,2.0,0.0,0.0,0.0,0.0,0.0
20261,A,골목상권,3110138,송정체육공원,CS300043,전자상거래업,10.0,10.0,0.0,0.0,0.0,10.0,1.0
20261,D,발달상권,3120048,금호역,CS100001,한식음식점,41.0,36.0,5.0,5.0,2.0,7.0,3.0
20261,D,발달상권,3120048,금호역,CS100002,중식음식점,6.0,5.0,1.0,0.0,0.0,0.0,0.0
20261,D,발달상권,3120048,금호역,CS100003,일식음식점,3.0,3.0,0.0,0.0,0.0,0.0,0.0
20261,D,발달상권,3120048,금호역,CS100004,양식음식점,7.0,7.0,0.0,0.0,0.0,0.0,0.0
20261,D,발달상권,3120048,금호역,CS100005,제과점,4.0,3.0,1.0,0.0,0.0,0.0,0.0
20261,D,발달상권,3120048,금호역,CS100006,패스트푸드점,8.0,3.0,5.0,13.0,1.0,0.0,0.0
20261,D,발달상권,3120048,금호역,CS100007,치킨전문점,6.0,2.0,4.0,0.0,0.0,0.0,0.0
20261,D,발달상권,3120048,금호역,CS100008,분식전문점,9.0,4.0,5.0,22.0,2.0,0.0,0.0
20261,D,발달상권,3120048,금호역,CS100009,호프-간이주점,15.0,15.0,0.0,0.0,0.0,13.0,2.0
20261,D,발달상권,3120048,금호역,CS100010,커피-음료,13.0,8.0,5.0,8.0,1.0,0.0,0.0
20261,D,발달상권,3120048,금호역,CS200001,일반교습학원,4.0,4.0,0.0,0.0,0.0,0.0,0.0
20261,D,발달상권,3120048,금호역,CS200003,예술학원,1.0,1.0,0.0,0.0,0.0,0.0,0.0
20261,D,발달상권,3120048,금호역,CS200005,스포츠 강습,11.0,11.0,0.0,0.0,0.0,0.0,0.0
20261,D,발달상권,3120048,금호역,CS200006,일반의원,22.0,22.0,0.0,5.0,1.0,0.0,0.0
20261,D,발달상권,3120048,금호역,CS200007,치과의원,6.0,6.0,0.0,0.0,0.0,0.0,0.0
20261,D,발달상권,3120048,금호역,CS200008,한의원,4.0,4.0,0.0,0.0,0.0,0.0,0.0
20261,D,발달상권,3120048,금호역,CS200009,동물병원,1.0,1.0,0.0,0.0,0.0,0.0,0.0
20261,D,발달상권,3120048,금호역,CS200012,법무사사무소,1.0,1.0,0.0,0.0,0.0,0.0,0.0
20261,D,발달상권,3120048,금호역,CS200016,당구장,3.0,3.0,0.0,0.0,0.0,0.0,0.0
20261,D,발달상권,3120048,금호역,CS200019,PC방,2.0,2.0,0.0,0.0,0.0,0.0,0.0
20261,D,발달상권,3120048,금호역,CS200022,복권방,1.0,1.0,0.0,0.0,0.0,0.0,0.0
20261,D,발달상권,3120048,금호역,CS200024,스포츠클럽,1.0,0.0,1.0,0.0,0.0,0.0,0.0
20261,D,발달상권,3120048,금호역,CS200028,미용실,18.0,14.0,4.0,6.0,1.0,6.0,1.0
20261,D,발달상권,3120048,금호역,CS200029,네일숍,3.0,3.0,0.0,0.0,0.0,0.0,0.0
20261,D,발달상권,3120048,금호역,CS200030,피부관리실,3.0,3.0,0.0,0.0,0.0,0.0,0.0
20261,D,발달상권,3120048,금호역,CS200031,세탁소,2.0,1.0,1.0,0.0,0.0,0.0,0.0
20261,D,발달상권,3120048,금호역,CS200032,가전제품수리,1.0,1.0,0.0,0.0,0.0,0.0,0.0
20261,D,발달상권,3120048,금호역,CS200033,부동산중개업,19.0,19.0,0.0,0.0,0.0,0.0,0.0
20261,D,발달상권,3120048,금호역,CS200034,여관,1.0,1.0,0.0,0.0,0.0,0.0,0.0
20261,D,발달상권,3120048,금호역,CS200037,노래방,7.0,7.0,0.0,0.0,0.0,0.0,0.0
20261,D,발달상권,3120048,금호역,CS200038,독서실,3.0,3.0,0.0,0.0,0.0,0.0,0.0
20261,D,발달상권,3120048,금호역,CS200041,사진관,5.0,5.0,0.0,0.0,0.0,0.0,0.0
20261,D,발달상권,3120048,금호역,CS200044,여행사,1.0,1.0,0.0,0.0,0.0,0.0,0.0
20261,D,발달상권,3120048,금호역,CS200047,가정용품임대,1.0,1.0,0.0,0.0,0.0,0.0,0.0
20261,D,발달상권,3120048,금호역,CS300001,슈퍼마켓,7.0,6.0,1.0,0.0,0.0,0.0,0.0
20261,D,발달상권,3120048,금호역,CS300002,편의점,4.0,1.0,3.0,0.0,0.0,25.0,1.0
20261,D,발달상권,3120048,금호역,CS300003,컴퓨터및주변장치판매,2.0,2.0,0.0,0.0,0.0,0.0,0.0
20261,D,발달상권,3120048,금호역,CS300004,핸드폰,9.0,9.0,0.0,0.0,0.0,11.0,1.0
20261,D,발달상권,3120048,금호역,CS300005,주류도매,2.0,2.0,0.0,0.0,0.0,0.0,0.0
20261,D,발달상권,3120048,금호역,CS300006,미곡판매,2.0,2.0,0.0,0.0,0.0,0.0,0.0
20261,D,발달상권,3120048,금호역,CS300007,육류판매,4.0,4.0,0.0,0.0,0.0,0.0,0.0
20261,D,발달상권,3120048,금호역,CS300008,수산물판매,2.0,2.0,0.0,0.0,0.0,0.0,0.0
20261,D,발달상권,3120048,금호역,CS300009,청과상,4.0,4.0,0.0,0.0,0.0,0.0,0.0
20261,D,발달상권,3120048,금호역,CS300010,반찬가게,2.0,2.0,0.0,0.0,0.0,0.0,0.0
20261,D,발달상권,3120048,금호역,CS300011,일반의류,9.0,9.0,0.0,0.0,0.0,11.0,1.0
20261,D,발달상권,3120048,금호역,CS300013,유아의류,2.0,2.0,0.0,0.0,0.0,0.0,0.0
20261,D,발달상권,3120048,금호역,CS300014,신발,4.0,3.0,1.0,0.0,0.0,0.0,0.0
20261,D,발달상권,3120048,금호역,CS300016,안경,7.0,5.0,2.0,0.0,0.0,0.0,0.0
20261,D,발달상권,3120048,금호역,CS300017,시계및귀금속,3.0,3.0,0.0,0.0,0.0,0.0,0.0
20261,D,발달상권,3120048,금호역,CS300018,의약품,9.0,9.0,0.0,0.0,0.0,0.0,0.0
20261,D,발달상권,3120048,금호역,CS300019,의료기기,3.0,3.0,0.0,0.0,0.0,0.0,0.0
20261,D,발달상권,3120048,금호역,CS300022,화장품,4.0,2.0,2.0,0.0,0.0,0.0,0.0
20261,D,발달상권,3120048,금호역,CS300028,화초,3.0,3.0,0.0,0.0,0.0,0.0,0.0
20261,D,발달상권,3120048,금호역,CS300029,애완동물,2.0,1.0,1.0,0.0,0.0,0.0,0.0
20261,D,발달상권,3120048,금호역,CS300033,철물점,1.0,1.0,0.0,0.0,0.0,0.0,0.0
20261,D,발달상권,3120048,금호역,CS300035,인테리어,2.0,2.0,0.0,0.0,0.0,0.0,0.0
20261,D,발달상권,3120048,금호역,CS300036,조명용품,2.0,2.0,0.0,0.0,0.0,0.0,0.0
20261,D,발달상권,3120049,왕십리역(왕십리),CS100001,한식음식점,85.0,67.0,18.0,1.0,1.0,2.0,2.0
20261,D,발달상권,3120049,왕십리역(왕십리),CS100002,중식음식점,3.0,2.0,1.0,0.0,0.0,0.0,0.0
20261,D,발달상권,3120049,왕십리역(왕십리),CS100003,일식음식점,18.0,12.0,6.0,0.0,0.0,6.0,1.0
20261,D,발달상권,3120049,왕십리역(왕십리),CS100004,양식음식점,19.0,15.0,4.0,0.0,0.0,5.0,1.0
20261,D,발달상권,3120049,왕십리역(왕십리),CS100005,제과점,23.0,9.0,14.0,9.0,2.0,0.0,0.0
20261,D,발달상권,3120049,왕십리역(왕십리),CS100006,패스트푸드점,11.0,5.0,6.0,0.0,0.0,0.0,0.0
20261,D,발달상권,3120049,왕십리역(왕십리),CS100007,치킨전문점,7.0,2.0,5.0,0.0,0.0,0.0,0.0
20261,D,발달상권,3120049,왕십리역(왕십리),CS100008,분식전문점,29.0,22.0,7.0,0.0,0.0,0.0,0.0
20261,D,발달상권,3120049,왕십리역(왕십리),CS100009,호프-간이주점,23.0,17.0,6.0,4.0,1.0,0.0,0.0
20261,D,발달상권,3120049,왕십리역(왕십리),CS100010,커피-음료,42.0,27.0,15.0,5.0,2.0,7.0,3.0
20261,D,발달상권,3120049,왕십리역(왕십리),CS200001,일반교습학원,8.0,8.0,0.0,0.0,0.0,0.0,0.0
20261,D,발달상권,3120049,왕십리역(왕십리),CS200003,예술학원,7.0,7.0,0.0,0.0,0.0,0.0,0.0
20261,D,발달상권,3120049,왕십리역(왕십리),CS200005,스포츠 강습,7.0,7.0,0.0,0.0,0.0,0.0,0.0
20261,D,발달상권,3120049,왕십리역(왕십리),CS200006,일반의원,12.0,12.0,0.0,0.0,0.0,0.0,0.0
20261,D,발달상권,3120049,왕십리역(왕십리),CS200007,치과의원,7.0,7.0,0.0,0.0,0.0,0.0,0.0
20261,D,발달상권,3120049,왕십리역(왕십리),CS200008,한의원,4.0,4.0,0.0,0.0,0.0,0.0,0.0
20261,D,발달상권,3120049,왕십리역(왕십리),CS200009,동물병원,2.0,2.0,0.0,0.0,0.0,0.0,0.0
20261,D,발달상권,3120049,왕십리역(왕십리),CS200010,변호사사무소,1.0,1.0,0.0,0.0,0.0,0.0,0.0
20261,D,발달상권,3120049,왕십리역(왕십리),CS200012,법무사사무소,6.0,6.0,0.0,0.0,0.0,0.0,0.0
20261,D,발달상권,3120049,왕십리역(왕십리),CS200013,기타법무서비스,1.0,1.0,0.0,0.0,0.0,0.0,0.0
20261,D,발달상권,3120049,왕십리역(왕십리),CS200014,회계사사무소,1.0,1.0,0.0,0.0,0.0,0.0,0.0
20261,D,발달상권,3120049,왕십리역(왕십리),CS200015,세무사사무소,7.0,7.0,0.0,0.0,0.0,0.0,0.0
20261,D,발달상권,3120049,왕십리역(왕십리),CS200016,당구장,2.0,2.0,0.0,0.0,0.0,100.0,2.0
20261,D,발달상권,3120049,왕십리역(왕십리),CS200017,골프연습장,3.0,3.0,0.0,0.0,0.0,0.0,0.0
20261,D,발달상권,3120049,왕십리역(왕십리),CS200019,PC방,2.0,2.0,0.0,0.0,0.0,0.0,0.0
20261,D,발달상권,3120049,왕십리역(왕십리),CS200022,복권방,1.0,1.0,0.0,0.0,0.0,0.0,0.0
20261,D,발달상권,3120049,왕십리역(왕십리),CS200023,통신기기수리,3.0,3.0,0.0,0.0,0.0,0.0,0.0
20261,D,발달상권,3120049,왕십리역(왕십리),CS200024,스포츠클럽,6.0,6.0,0.0,0.0,0.0,0.0,0.0
20261,D,발달상권,3120049,왕십리역(왕십리),CS200025,자동차수리,3.0,0.0,3.0,0.0,0.0,0.0,0.0
20261,D,발달상권,3120049,왕십리역(왕십리),CS200026,자동차미용,2.0,2.0,0.0,0.0,0.0,0.0,0.0
20261,D,발달상권,3120049,왕십리역(왕십리),CS200027,모터사이클수리,1.0,1.0,0.0,0.0,0.0,0.0,0.0
20261,D,발달상권,3120049,왕십리역(왕십리),CS200028,미용실,22.0,20.0,2.0,0.0,0.0,5.0,1.0
20261,D,발달상권,3120049,왕십리역(왕십리),CS200029,네일숍,6.0,6.0,0.0,0.0,0.0,0.0,0.0
20261,D,발달상권,3120049,왕십리역(왕십리),CS200030,피부관리실,9.0,8.0,1.0,0.0,0.0,0.0,0.0
20261,D,발달상권,3120049,왕십리역(왕십리),CS200031,세탁소,4.0,3.0,1.0,0.0,0.0,0.0,0.0
20261,D,발달상권,3120049,왕십리역(왕십리),CS200032,가전제품수리,1.0,1.0,0.0,0.0,0.0,0.0,0.0
20261,D,발달상권,3120049,왕십리역(왕십리),CS200033,부동산중개업,28.0,28.0,0.0,0.0,0.0,4.0,1.0
20261,D,발달상권,3120049,왕십리역(왕십리),CS200034,여관,5.0,5.0,0.0,0.0,0.0,0.0,0.0
20261,D,발달상권,3120049,왕십리역(왕십리),CS200035,게스트하우스,2.0,2.0,0.0,0.0,0.0,0.0,0.0
20261,D,발달상권,3120049,왕십리역(왕십리),CS200036,고시원,1.0,1.0,0.0,0.0,0.0,0.0,0.0
20261,D,발달상권,3120049,왕십리역(왕십리),CS200037,노래방,1.0,1.0,0.0,0.0,0.0,0.0,0.0
20261,D,발달상권,3120049,왕십리역(왕십리),CS200038,독서실,2.0,1.0,1.0,0.0,0.0,0.0,0.0
20261,D,발달상권,3120049,왕십리역(왕십리),CS200041,사진관,3.0,3.0,0.0,0.0,0.0,0.0,0.0
20261,D,발달상권,3120049,왕십리역(왕십리),CS200043,건축물청소,4.0,4.0,0.0,0.0,0.0,0.0,0.0
20261,D,발달상권,3120049,왕십리역(왕십리),CS200044,여행사,6.0,6.0,0.0,0.0,0.0,0.0,0.0
20261,D,발달상권,3120049,왕십리역(왕십리),CS200046,의류임대,1.0,1.0,0.0,0.0,0.0,0.0,0.0
20261,D,발달상권,3120049,왕십리역(왕십리),CS200047,가정용품임대,1.0,1.0,0.0,0.0,0.0,0.0,0.0
20261,D,발달상권,3120049,왕십리역(왕십리),CS300001,슈퍼마켓,13.0,10.0,3.0,0.0,0.0,0.0,0.0
20261,D,발달상권,3120049,왕십리역(왕십리),CS300002,편의점,23.0,7.0,16.0,4.0,1.0,0.0,0.0
20261,D,발달상권,3120049,왕십리역(왕십리),CS300003,컴퓨터및주변장치판매,3.0,3.0,0.0,0.0,0.0,33.0,1.0
20261,D,발달상권,3120049,왕십리역(왕십리),CS300004,핸드폰,17.0,17.0,0.0,0.0,0.0,6.0,1.0
20261,D,발달상권,3120049,왕십리역(왕십리),CS300006,미곡판매,3.0,3.0,0.0,0.0,0.0,0.0,0.0
20261,D,발달상권,3120049,왕십리역(왕십리),CS300007,육류판매,15.0,15.0,0.0,0.0,0.0,0.0,0.0
20261,D,발달상권,3120049,왕십리역(왕십리),CS300008,수산물판매,4.0,4.0,0.0,0.0,0.0,0.0,0.0
20261,D,발달상권,3120049,왕십리역(왕십리),CS300009,청과상,3.0,3.0,0.0,0.0,0.0,0.0,0.0
20261,D,발달상권,3120049,왕십리역(왕십리),CS300010,반찬가게,12.0,12.0,0.0,0.0,0.0,0.0,0.0
20261,D,발달상권,3120049,왕십리역(왕십리),CS300011,일반의류,104.0,104.0,0.0,5.0,5.0,2.0,2.0
20261,D,발달상권,3120049,왕십리역(왕십리),CS300013,유아의류,3.0,3.0,0.0,0.0,0.0,0.0,0.0
20261,D,발달상권,3120049,왕십리역(왕십리),CS300014,신발,15.0,14.0,1.0,0.0,0.0,0.0,0.0
20261,D,발달상권,3120049,왕십리역(왕십리),CS300015,가방,5.0,5.0,0.0,0.0,0.0,0.0,0.0
20261,D,발달상권,3120049,왕십리역(왕십리),CS300016,안경,3.0,2.0,1.0,0.0,0.0,0.0,0.0
20261,D,발달상권,3120049,왕십리역(왕십리),CS300017,시계및귀금속,8.0,8.0,0.0,0.0,0.0,0.0,0.0
20261,D,발달상권,3120049,왕십리역(왕십리),CS300018,의약품,8.0,8.0,0.0,0.0,0.0,0.0,0.0
20261,D,발달상권,3120049,왕십리역(왕십리),CS300019,의료기기,1.0,1.0,0.0,0.0,0.0,0.0,0.0
20261,D,발달상권,3120049,왕십리역(왕십리),CS300020,서적,4.0,4.0,0.0,0.0,0.0,0.0,0.0
20261,D,발달상권,3120049,왕십리역(왕십리),CS300021,문구,6.0,4.0,2.0,0.0,0.0,0.0,0.0
20261,D,발달상권,3120049,왕십리역(왕십리),CS300022,화장품,9.0,6.0,3.0,0.0,0.0,22.0,2.0
20261,D,발달상권,3120049,왕십리역(왕십리),CS300023,미용재료,3.0,3.0,0.0,0.0,0.0,0.0,0.0
20261,D,발달상권,3120049,왕십리역(왕십리),CS300024,운동/경기용품,7.0,7.0,0.0,0.0,0.0,0.0,0.0
20261,D,발달상권,3120049,왕십리역(왕십리),CS300025,자전거 및 기타운송장비,2.0,2.0,0.0,0.0,0.0,0.0,0.0
20261,D,발달상권,3120049,왕십리역(왕십리),CS300026,완구,4.0,4.0,0.0,0.0,0.0,0.0,0.0
20261,D,발달상권,3120049,왕십리역(왕십리),CS300027,섬유제품,2.0,2.0,0.0,0.0,0.0,0.0,0.0
20261,D,발달상권,3120049,왕십리역(왕십리),CS300028,화초,9.0,9.0,0.0,0.0,0.0,0.0,0.0
20261,D,발달상권,3120049,왕십리역(왕십리),CS300029,애완동물,1.0,1.0,0.0,0.0,0.0,0.0,0.0
20261,D,발달상권,3120049,왕십리역(왕십리),CS300031,가구,1.0,1.0,0.0,0.0,0.0,0.0,0.0
20261,D,발달상권,3120049,왕십리역(왕십리),CS300032,가전제품,3.0,3.0,0.0,0.0,0.0,0.0,0.0
20261,D,발달상권,3120049,왕십리역(왕십리),CS300033,철물점,1.0,1.0,0.0,0.0,0.0,0.0,0.0
20261,D,발달상권,3120049,왕십리역(왕십리),CS300035,인테리어,1.0,1.0,0.0,0.0,0.0,0.0,0.0
20261,D,발달상권,3120049,왕십리역(왕십리),CS300036,조명용품,1.0,1.0,0.0,0.0,0.0,0.0,0.0
20261,D,발달상권,3120049,왕십리역(왕십리),CS300038,자동차부품,3.0,3.0,0.0,0.0,0.0,0.0,0.0
20261,D,발달상권,3120049,왕십리역(왕십리),CS300039,모터사이클및부품,2.0,2.0,0.0,0.0,0.0,0.0,0.0
20261,D,발달상권,3120049,왕십리역(왕십리),CS300040,재생용품 판매점,1.0,1.0,0.0,0.0,0.0,0.0,0.0
20261,D,발달상권,3120049,왕십리역(왕십리),CS300041,예술품,1.0,1.0,0.0,0.0,0.0,0.0,0.0
20261,D,발달상권,3120049,왕십리역(왕십리),CS300043,전자상거래업,11.0,11.0,0.0,0.0,0.0,0.0,0.0
20261,D,발달상권,3120050,서울숲역,CS100001,한식음식점,15.0,15.0,0.0,0.0,0.0,0.0,0.0
20261,D,발달상권,3120050,서울숲역,CS100003,일식음식점,2.0,2.0,0.0,0.0,0.0,0.0,0.0
20261,D,발달상권,3120050,서울숲역,CS100004,양식음식점,15.0,15.0,0.0,7.0,1.0,0.0,0.0
20261,D,발달상권,3120050,서울숲역,CS100005,제과점,5.0,5.0,0.0,0.0,0.0,20.0,1.0
20261,D,발달상권,3120050,서울숲역,CS100006,패스트푸드점,3.0,1.0,2.0,33.0,1.0,33.0,1.0
20261,D,발달상권,3120050,서울숲역,CS100008,분식전문점,2.0,0.0,2.0,0.0,0.0,50.0,1.0
20261,D,발달상권,3120050,서울숲역,CS100009,호프-간이주점,8.0,8.0,0.0,0.0,0.0,13.0,1.0
20261,D,발달상권,3120050,서울숲역,CS100010,커피-음료,15.0,13.0,2.0,0.0,0.0,0.0,0.0
20261,D,발달상권,3120050,서울숲역,CS200001,일반교습학원,8.0,8.0,0.0,0.0,0.0,0.0,0.0
20261,D,발달상권,3120050,서울숲역,CS200003,예술학원,2.0,2.0,0.0,0.0,0.0,0.0,0.0
20261,D,발달상권,3120050,서울숲역,CS200004,컴퓨터학원,1.0,1.0,0.0,0.0,0.0,0.0,0.0
20261,D,발달상권,3120050,서울숲역,CS200005,스포츠 강습,10.0,10.0,0.0,0.0,0.0,0.0,0.0
20261,D,발달상권,3120050,서울숲역,CS200006,일반의원,1.0,1.0,0.0,0.0,0.0,0.0,0.0
20261,D,발달상권,3120050,서울숲역,CS200008,한의원,2.0,2.0,0.0,0.0,0.0,0.0,0.0
20261,D,발달상권,3120050,서울숲역,CS200010,변호사사무소,1.0,1.0,0.0,0.0,0.0,0.0,0.0
20261,D,발달상권,3120050,서울숲역,CS200014,회계사사무소,1.0,1.0,0.0,0.0,0.0,0.0,0.0
20261,D,발달상권,3120050,서울숲역,CS200015,세무사사무소,1.0,1.0,0.0,0.0,0.0,0.0,0.0
20261,D,발달상권,3120050,서울숲역,CS200016,당구장,1.0,1.0,0.0,0.0,0.0,0.0,0.0
20261,D,발달상권,3120050,서울숲역,CS200017,골프연습장,1.0,1.0,0.0,0.0,0.0,0.0,0.0
20261,D,발달상권,3120050,서울숲역,CS200024,스포츠클럽,6.0,6.0,0.0,0.0,0.0,0.0,0.0
20261,D,발달상권,3120050,서울숲역,CS200025,자동차수리,2.0,2.0,0.0,0.0,0.0,0.0,0.0
20261,D,발달상권,3120050,서울숲역,CS200026,자동차미용,1.0,1.0,0.0,0.0,0.0,0.0,0.0
20261,D,발달상권,3120050,서울숲역,CS200027,모터사이클수리,1.0,1.0,0.0,0.0,0.0,0.0,0.0
20261,D,발달상권,3120050,서울숲역,CS200028,미용실,15.0,12.0,3.0,7.0,1.0,0.0,0.0
20261,D,발달상권,3120050,서울숲역,CS200029,네일숍,3.0,3.0,0.0,0.0,0.0,0.0,0.0
20261,D,발달상권,3120050,서울숲역,CS200030,피부관리실,7.0,7.0,0.0,0.0,0.0,0.0,0.0
20261,D,발달상권,3120050,서울숲역,CS200033,부동산중개업,20.0,20.0,0.0,0.0,0.0,0.0,0.0
20261,D,발달상권,3120050,서울숲역,CS200038,독서실,1.0,1.0,0.0,0.0,0.0,0.0,0.0
20261,D,발달상권,3120050,서울숲역,CS200040,녹음실,1.0,1.0,0.0,0.0,0.0,0.0,0.0
20261,D,발달상권,3120050,서울숲역,CS200041,사진관,6.0,6.0,0.0,0.0,0.0,0.0,0.0
20261,D,발달상권,3120050,서울숲역,CS200043,건축물청소,1.0,1.0,0.0,0.0,0.0,0.0,0.0
20261,D,발달상권,3120050,서울숲역,CS200044,여행사,2.0,2.0,0.0,0.0,0.0,0.0,0.0
20261,D,발달상권,3120050,서울숲역,CS300001,슈퍼마켓,4.0,3.0,1.0,0.0,0.0,0.0,0.0
20261,D,발달상권,3120050,서울숲역,CS300002,편의점,1.0,0.0,1.0,0.0,0.0,100.0,1.0
20261,D,발달상권,3120050,서울숲역,CS300003,컴퓨터및주변장치판매,3.0,3.0,0.0,0.0,0.0,0.0,0.0
20261,D,발달상권,3120050,서울숲역,CS300005,주류도매,1.0,1.0,0.0,0.0,0.0,0.0,0.0
20261,D,발달상권,3120050,서울숲역,CS300007,육류판매,1.0,1.0,0.0,0.0,0.0,0.0,0.0
20261,D,발달상권,3120050,서울숲역,CS300010,반찬가게,4.0,4.0,0.0,0.0,0.0,0.0,0.0
20261,D,발달상권,3120050,서울숲역,CS300011,일반의류,12.0,12.0,0.0,0.0,0.0,0.0,0.0
20261,D,발달상권,3120050,서울숲역,CS300013,유아의류,0.0,0.0,0.0,0.0,0.0,0.0,1.0
20261,D,발달상권,3120050,서울숲역,CS300014,신발,4.0,4.0,0.0,0.0,0.0,0.0,0.0
20261,D,발달상권,3120050,서울숲역,CS300015,가방,2.0,2.0,0.0,0.0,0.0,0.0,0.0
20261,D,발달상권,3120050,서울숲역,CS300017,시계및귀금속,1.0,1.0,0.0,0.0,0.0,0.0,0.0
20261,D,발달상권,3120050,서울숲역,CS300019,의료기기,2.0,2.0,0.0,0.0,0.0,0.0,0.0
20261,D,발달상권,3120050,서울숲역,CS300021,문구,2.0,2.0,0.0,0.0,0.0,0.0,0.0
20261,D,발달상권,3120050,서울숲역,CS300022,화장품,11.0,11.0,0.0,0.0,0.0,0.0,0.0
20261,D,발달상권,3120050,서울숲역,CS300025,자전거 및 기타운송장비,2.0,2.0,0.0,0.0,0.0,0.0,0.0
20261,D,발달상권,3120050,서울숲역,CS300027,섬유제품,1.0,1.0,0.0,0.0,0.0,0.0,0.0
20261,D,발달상권,3120050,서울숲역,CS300028,화초,1.0,1.0,0.0,0.0,0.0,0.0,0.0
20261,D,발달상권,3120050,서울숲역,CS300029,애완동물,2.0,2.0,0.0,0.0,0.0,0.0,0.0
20261,D,발달상권,3120050,서울숲역,CS300031,가구,2.0,2.0,0.0,0.0,0.0,0.0,0.0
20261,D,발달상권,3120050,서울숲역,CS300035,인테리어,2.0,2.0,0.0,0.0,0.0,0.0,0.0
20261,D,발달상권,3120050,서울숲역,CS300036,조명용품,4.0,4.0,0.0,0.0,0.0,0.0,0.0
20261,D,발달상권,3120050,서울숲역,CS300038,자동차부품,2.0,2.0,0.0,0.0,0.0,0.0,0.0
20261,D,발달상권,3120050,서울숲역,CS300040,재생용품 판매점,3.0,3.0,0.0,0.0,0.0,0.0,0.0
20261,D,발달상권,3120050,서울숲역,CS300041,예술품,1.0,1.0,0.0,0.0,0.0,0.0,0.0
20261,D,발달상권,3120050,서울숲역,CS300043,전자상거래업,5.0,5.0,0.0,0.0,0.0,0.0,0.0
20261,D,발달상권,3120051,뚝섬역,CS100001,한식음식점,125.0,116.0,9.0,2.0,2.0,2.0,2.0
20261,D,발달상권,3120051,뚝섬역,CS100002,중식음식점,5.0,5.0,0.0,0.0,0.0,0.0,0.0
20261,D,발달상권,3120051,뚝섬역,CS100003,일식음식점,27.0,21.0,6.0,0.0,0.0,0.0,0.0
20261,D,발달상권,3120051,뚝섬역,CS100004,양식음식점,32.0,29.0,3.0,6.0,2.0,3.0,1.0
20261,D,발달상권,3120051,뚝섬역,CS100005,제과점,24.0,23.0,1.0,8.0,2.0,4.0,1.0
20261,D,발달상권,3120051,뚝섬역,CS100006,패스트푸드점,13.0,9.0,4.0,0.0,0.0,0.0,0.0
20261,D,발달상권,3120051,뚝섬역,CS100007,치킨전문점,4.0,3.0,1.0,0.0,0.0,0.0,0.0
20261,D,발달상권,3120051,뚝섬역,CS100008,분식전문점,19.0,14.0,5.0,5.0,1.0,11.0,2.0
20261,D,발달상권,3120051,뚝섬역,CS100009,호프-간이주점,24.0,20.0,4.0,0.0,0.0,8.0,2.0
20261,D,발달상권,3120051,뚝섬역,CS100010,커피-음료,74.0,60.0,14.0,3.0,2.0,3.0,2.0
20261,D,발달상권,3120051,뚝섬역,CS200001,일반교습학원,12.0,9.0,3.0,0.0,0.0,0.0,0.0
20261,D,발달상권,3120051,뚝섬역,CS200002,외국어학원,3.0,3.0,0.0,0.0,0.0,0.0,0.0
20261,D,발달상권,3120051,뚝섬역,CS200003,예술학원,13.0,12.0,1.0,0.0,0.0,0.0,0.0
20261,D,발달상권,3120051,뚝섬역,CS200004,컴퓨터학원,1.0,1.0,0.0,0.0,0.0,0.0,0.0
20261,D,발달상권,3120051,뚝섬역,CS200005,스포츠 강습,12.0,12.0,0.0,0.0,0.0,0.0,0.0
20261,D,발달상권,3120051,뚝섬역,CS200006,일반의원,18.0,18.0,0.0,0.0,0.0,0.0,0.0
20261,D,발달상권,3120051,뚝섬역,CS200007,치과의원,4.0,4.0,0.0,0.0,0.0,0.0,0.0
20261,D,발달상권,3120051,뚝섬역,CS200008,한의원,3.0,3.0,0.0,0.0,0.0,0.0,0.0
20261,D,발달상권,3120051,뚝섬역,CS200009,동물병원,1.0,1.0,0.0,0.0,0.0,0.0,0.0
20261,D,발달상권,3120051,뚝섬역,CS200010,변호사사무소,2.0,2.0,0.0,0.0,0.0,0.0,0.0
20261,D,발달상권,3120051,뚝섬역,CS200011,변리사사무소,2.0,2.0,0.0,0.0,0.0,0.0,0.0
20261,D,발달상권,3120051,뚝섬역,CS200012,법무사사무소,2.0,2.0,0.0,0.0,0.0,0.0,0.0
20261,D,발달상권,3120051,뚝섬역,CS200013,기타법무서비스,2.0,2.0,0.0,0.0,0.0,0.0,0.0
20261,D,발달상권,3120051,뚝섬역,CS200014,회계사사무소,1.0,1.0,0.0,0.0,0.0,0.0,0.0
20261,D,발달상권,3120051,뚝섬역,CS200015,세무사사무소,18.0,18.0,0.0,0.0,0.0,0.0,0.0
20261,D,발달상권,3120051,뚝섬역,CS200016,당구장,3.0,3.0,0.0,0.0,0.0,0.0,0.0
20261,D,발달상권,3120051,뚝섬역,CS200017,골프연습장,2.0,2.0,0.0,0.0,0.0,0.0,0.0
20261,D,발달상권,3120051,뚝섬역,CS200019,PC방,1.0,1.0,0.0,0.0,0.0,0.0,0.0
20261,D,발달상권,3120051,뚝섬역,CS200021,기타오락장,2.0,2.0,0.0,0.0,0.0,0.0,0.0
20261,D,발달상권,3120051,뚝섬역,CS200023,통신기기수리,3.0,3.0,0.0,0.0,0.0,0.0,0.0
20261,D,발달상권,3120051,뚝섬역,CS200024,스포츠클럽,6.0,6.0,0.0,17.0,1.0,0.0,0.0
20261,D,발달상권,3120051,뚝섬역,CS200025,자동차수리,7.0,6.0,1.0,0.0,0.0,0.0,0.0
20261,D,발달상권,3120051,뚝섬역,CS200026,자동차미용,4.0,4.0,0.0,0.0,0.0,0.0,0.0
20261,D,발달상권,3120051,뚝섬역,CS200028,미용실,30.0,25.0,5.0,7.0,2.0,3.0,1.0
20261,D,발달상권,3120051,뚝섬역,CS200029,네일숍,5.0,5.0,0.0,0.0,0.0,0.0,0.0
20261,D,발달상권,3120051,뚝섬역,CS200030,피부관리실,18.0,15.0,3.0,11.0,2.0,0.0,0.0
20261,D,발달상권,3120051,뚝섬역,CS200031,세탁소,3.0,3.0,0.0,0.0,0.0,0.0,0.0
20261,D,발달상권,3120051,뚝섬역,CS200032,가전제품수리,1.0,1.0,0.0,0.0,0.0,0.0,0.0
20261,D,발달상권,3120051,뚝섬역,CS200033,부동산중개업,43.0,41.0,2.0,0.0,0.0,2.0,1.0
20261,D,발달상권,3120051,뚝섬역,CS200034,여관,2.0,2.0,0.0,0.0,0.0,0.0,0.0
20261,D,발달상권,3120051,뚝섬역,CS200035,게스트하우스,1.0,1.0,0.0,0.0,0.0,0.0,0.0
20261,D,발달상권,3120051,뚝섬역,CS200037,노래방,7.0,7.0,0.0,0.0,0.0,0.0,0.0
20261,D,발달상권,3120051,뚝섬역,CS200038,독서실,1.0,1.0,0.0,0.0,0.0,0.0,0.0
20261,D,발달상권,3120051,뚝섬역,CS200039,DVD방,2.0,2.0,0.0,0.0,0.0,0.0,0.0
20261,D,발달상권,3120051,뚝섬역,CS200041,사진관,13.0,13.0,0.0,0.0,0.0,0.0,0.0
20261,D,발달상권,3120051,뚝섬역,CS200042,통번역서비스,2.0,2.0,0.0,0.0,0.0,0.0,0.0
20261,D,발달상권,3120051,뚝섬역,CS200043,건축물청소,4.0,4.0,0.0,0.0,0.0,0.0,0.0
20261,D,발달상권,3120051,뚝섬역,CS200044,여행사,2.0,2.0,0.0,0.0,0.0,0.0,0.0
20261,D,발달상권,3120051,뚝섬역,CS200045,비디오/서적임대,1.0,1.0,0.0,0.0,0.0,0.0,0.0
20261,D,발달상권,3120051,뚝섬역,CS300001,슈퍼마켓,12.0,8.0,4.0,0.0,0.0,0.0,0.0
20261,D,발달상권,3120051,뚝섬역,CS300002,편의점,10.0,2.0,8.0,10.0,1.0,10.0,1.0
20261,D,발달상권,3120051,뚝섬역,CS300003,컴퓨터및주변장치판매,23.0,23.0,0.0,0.0,0.0,0.0,0.0
20261,D,발달상권,3120051,뚝섬역,CS300004,핸드폰,7.0,7.0,0.0,0.0,0.0,0.0,0.0
20261,D,발달상권,3120051,뚝섬역,CS300005,주류도매,6.0,6.0,0.0,0.0,0.0,0.0,0.0
20261,D,발달상권,3120051,뚝섬역,CS300006,미곡판매,1.0,1.0,0.0,0.0,0.0,0.0,0.0
20261,D,발달상권,3120051,뚝섬역,CS300007,육류판매,3.0,3.0,0.0,0.0,0.0,0.0,0.0
20261,D,발달상권,3120051,뚝섬역,CS300009,청과상,3.0,3.0,0.0,0.0,0.0,0.0,0.0
20261,D,발달상권,3120051,뚝섬역,CS300010,반찬가게,16.0,16.0,0.0,6.0,1.0,0.0,0.0
20261,D,발달상권,3120051,뚝섬역,CS300011,일반의류,58.0,58.0,0.0,5.0,3.0,2.0,1.0
20261,D,발달상권,3120051,뚝섬역,CS300013,유아의류,3.0,3.0,0.0,0.0,0.0,0.0,0.0
20261,D,발달상권,3120051,뚝섬역,CS300014,신발,18.0,18.0,0.0,0.0,0.0,11.0,2.0
20261,D,발달상권,3120051,뚝섬역,CS300015,가방,7.0,7.0,0.0,14.0,1.0,29.0,2.0
20261,D,발달상권,3120051,뚝섬역,CS300016,안경,4.0,4.0,0.0,0.0,0.0,25.0,1.0
20261,D,발달상권,3120051,뚝섬역,CS300017,시계및귀금속,5.0,5.0,0.0,0.0,0.0,0.0,0.0
20261,D,발달상권,3120051,뚝섬역,CS300018,의약품,11.0,9.0,2.0,9.0,1.0,0.0,0.0
20261,D,발달상권,3120051,뚝섬역,CS300019,의료기기,7.0,7.0,0.0,0.0,0.0,14.0,1.0
20261,D,발달상권,3120051,뚝섬역,CS300020,서적,8.0,8.0,0.0,0.0,0.0,13.0,1.0
20261,D,발달상권,3120051,뚝섬역,CS300021,문구,6.0,6.0,0.0,0.0,0.0,0.0,0.0
20261,D,발달상권,3120051,뚝섬역,CS300022,화장품,33.0,33.0,0.0,0.0,0.0,3.0,1.0
20261,D,발달상권,3120051,뚝섬역,CS300023,미용재료,2.0,2.0,0.0,0.0,0.0,0.0,0.0
20261,D,발달상권,3120051,뚝섬역,CS300024,운동/경기용품,5.0,5.0,0.0,20.0,1.0,0.0,0.0
20261,D,발달상권,3120051,뚝섬역,CS300025,자전거 및 기타운송장비,2.0,2.0,0.0,0.0,0.0,0.0,0.0
20261,D,발달상권,3120051,뚝섬역,CS300027,섬유제품,3.0,3.0,0.0,0.0,0.0,0.0,0.0
20261,D,발달상권,3120051,뚝섬역,CS300028,화초,10.0,10.0,0.0,0.0,0.0,0.0,0.0
20261,D,발달상권,3120051,뚝섬역,CS300029,애완동물,3.0,3.0,0.0,33.0,1.0,0.0,0.0
20261,D,발달상권,3120051,뚝섬역,CS300031,가구,5.0,5.0,0.0,0.0,0.0,0.0,0.0
20261,D,발달상권,3120051,뚝섬역,CS300032,가전제품,2.0,2.0,0.0,0.0,0.0,0.0,0.0
20261,D,발달상권,3120051,뚝섬역,CS300033,철물점,3.0,3.0,0.0,0.0,0.0,0.0,0.0
20261,D,발달상권,3120051,뚝섬역,CS300035,인테리어,3.0,3.0,0.0,0.0,0.0,33.0,1.0
20261,D,발달상권,3120051,뚝섬역,CS300036,조명용품,13.0,13.0,0.0,0.0,0.0,0.0,0.0
20261,D,발달상권,3120051,뚝섬역,CS300038,자동차부품,14.0,14.0,0.0,0.0,0.0,14.0,2.0
20261,D,발달상권,3120051,뚝섬역,CS300039,모터사이클및부품,1.0,1.0,0.0,0.0,0.0,0.0,0.0
20261,D,발달상권,3120051,뚝섬역,CS300041,예술품,6.0,6.0,0.0,17.0,1.0,17.0,1.0
20261,D,발달상권,3120051,뚝섬역,CS300043,전자상거래업,22.0,22.0,0.0,0.0,0.0,5.0,1.0
20261,D,발달상권,3120052,성수역,CS100001,한식음식점,154.0,139.0,15.0,0.0,0.0,4.0,6.0
20261,D,발달상권,3120052,성수역,CS100002,중식음식점,17.0,12.0,5.0,12.0,2.0,6.0,1.0
20261,D,발달상권,3120052,성수역,CS100003,일식음식점,23.0,17.0,6.0,0.0,0.0,4.0,1.0
20261,D,발달상권,3120052,성수역,CS100004,양식음식점,16.0,15.0,1.0,13.0,2.0,6.0,1.0
20261,D,발달상권,3120052,성수역,CS100005,제과점,16.0,11.0,5.0,6.0,1.0,0.0,0.0
20261,D,발달상권,3120052,성수역,CS100006,패스트푸드점,20.0,13.0,7.0,0.0,0.0,0.0,0.0
20261,D,발달상권,3120052,성수역,CS100007,치킨전문점,5.0,1.0,4.0,0.0,0.0,0.0,0.0
20261,D,발달상권,3120052,성수역,CS100008,분식전문점,20.0,14.0,6.0,0.0,0.0,0.0,0.0
20261,D,발달상권,3120052,성수역,CS100009,호프-간이주점,27.0,22.0,5.0,4.0,1.0,4.0,1.0
20261,D,발달상권,3120052,성수역,CS100010,커피-음료,67.0,54.0,13.0,0.0,0.0,3.0,2.0
20261,D,발달상권,3120052,성수역,CS200001,일반교습학원,13.0,13.0,0.0,0.0,0.0,0.0,0.0
20261,D,발달상권,3120052,성수역,CS200002,외국어학원,2.0,2.0,0.0,0.0,0.0,50.0,1.0
20261,D,발달상권,3120052,성수역,CS200003,예술학원,10.0,10.0,0.0,0.0,0.0,10.0,1.0
20261,D,발달상권,3120052,성수역,CS200005,스포츠 강습,12.0,10.0,2.0,0.0,0.0,8.0,1.0
20261,D,발달상권,3120052,성수역,CS200006,일반의원,35.0,35.0,0.0,0.0,0.0,3.0,1.0
20261,D,발달상권,3120052,성수역,CS200007,치과의원,10.0,10.0,0.0,0.0,0.0,10.0,1.0
20261,D,발달상권,3120052,성수역,CS200008,한의원,6.0,6.0,0.0,0.0,0.0,0.0,0.0
20261,D,발달상권,3120052,성수역,CS200010,변호사사무소,6.0,6.0,0.0,0.0,0.0,0.0,0.0
20261,D,발달상권,3120052,성수역,CS200011,변리사사무소,6.0,6.0,0.0,0.0,0.0,0.0,0.0
20261,D,발달상권,3120052,성수역,CS200012,법무사사무소,9.0,9.0,0.0,0.0,0.0,0.0,0.0
20261,D,발달상권,3120052,성수역,CS200013,기타법무서비스,19.0,19.0,0.0,0.0,0.0,0.0,0.0
20261,D,발달상권,3120052,성수역,CS200014,회계사사무소,5.0,5.0,0.0,0.0,0.0,0.0,0.0
20261,D,발달상권,3120052,성수역,CS200015,세무사사무소,56.0,56.0,0.0,0.0,0.0,0.0,0.0
20261,D,발달상권,3120052,성수역,CS200016,당구장,9.0,9.0,0.0,0.0,0.0,0.0,0.0
20261,D,발달상권,3120052,성수역,CS200017,골프연습장,2.0,2.0,0.0,0.0,0.0,0.0,0.0
20261,D,발달상권,3120052,성수역,CS200018,볼링장,1.0,1.0,0.0,0.0,0.0,0.0,0.0
20261,D,발달상권,3120052,성수역,CS200019,PC방,5.0,4.0,1.0,20.0,1.0,0.0,0.0
20261,D,발달상권,3120052,성수역,CS200020,전자게임장,1.0,1.0,0.0,0.0,0.0,0.0,0.0
20261,D,발달상권,3120052,성수역,CS200021,기타오락장,3.0,3.0,0.0,0.0,0.0,0.0,0.0
20261,D,발달상권,3120052,성수역,CS200022,복권방,2.0,2.0,0.0,0.0,0.0,0.0,0.0
20261,D,발달상권,3120052,성수역,CS200024,스포츠클럽,16.0,16.0,0.0,0.0,0.0,0.0,0.0
20261,D,발달상권,3120052,성수역,CS200025,자동차수리,15.0,14.0,1.0,0.0,0.0,0.0,0.0
20261,D,발달상권,3120052,성수역,CS200026,자동차미용,4.0,4.0,0.0,0.0,0.0,0.0,0.0
20261,D,발달상권,3120052,성수역,CS200027,모터사이클수리,1.0,1.0,0.0,0.0,0.0,0.0,0.0
20261,D,발달상권,3120052,성수역,CS200028,미용실,50.0,45.0,5.0,4.0,2.0,0.0,0.0
20261,D,발달상권,3120052,성수역,CS200029,네일숍,10.0,10.0,0.0,0.0,0.0,0.0,0.0
20261,D,발달상권,3120052,성수역,CS200030,피부관리실,23.0,23.0,0.0,4.0,1.0,0.0,0.0
20261,D,발달상권,3120052,성수역,CS200031,세탁소,2.0,1.0,1.0,0.0,0.0,0.0,0.0
20261,D,발달상권,3120052,성수역,CS200032,가전제품수리,5.0,5.0,0.0,0.0,0.0,0.0,0.0
20261,D,발달상권,3120052,성수역,CS200033,부동산중개업,98.0,97.0,1.0,0.0,0.0,2.0,2.0
20261,D,발달상권,3120052,성수역,CS200037,노래방,17.0,17.0,0.0,6.0,1.0,6.0,1.0
20261,D,발달상권,3120052,성수역,CS200038,독서실,5.0,5.0,0.0,0.0,0.0,0.0,0.0
20261,D,발달상권,3120052,성수역,CS200039,DVD방,4.0,4.0,0.0,25.0,1.0,0.0,0.0
20261,D,발달상권,3120052,성수역,CS200040,녹음실,1.0,1.0,0.0,0.0,0.0,0.0,0.0
20261,D,발달상권,3120052,성수역,CS200041,사진관,34.0,34.0,0.0,3.0,1.0,3.0,1.0
20261,D,발달상권,3120052,성수역,CS200042,통번역서비스,6.0,6.0,0.0,0.0,0.0,0.0,0.0
20261,D,발달상권,3120052,성수역,CS200043,건축물청소,16.0,16.0,0.0,0.0,0.0,0.0,0.0
20261,D,발달상권,3120052,성수역,CS200044,여행사,24.0,24.0,0.0,0.0,0.0,0.0,0.0
20261,D,발달상권,3120052,성수역,CS200045,비디오/서적임대,1.0,1.0,0.0,0.0,0.0,0.0,0.0
20261,D,발달상권,3120052,성수역,CS200046,의류임대,2.0,2.0,0.0,0.0,0.0,0.0,0.0
20261,D,발달상권,3120052,성수역,CS200047,가정용품임대,5.0,5.0,0.0,0.0,0.0,0.0,0.0
20261,D,발달상권,3120052,성수역,CS300001,슈퍼마켓,26.0,17.0,9.0,8.0,2.0,0.0,0.0
20261,D,발달상권,3120052,성수역,CS300002,편의점,21.0,4.0,17.0,0.0,0.0,5.0,1.0
20261,D,발달상권,3120052,성수역,CS300003,컴퓨터및주변장치판매,53.0,53.0,0.0,0.0,0.0,6.0,3.0
20261,D,발달상권,3120052,성수역,CS300004,핸드폰,16.0,16.0,0.0,0.0,0.0,6.0,1.0
20261,D,발달상권,3120052,성수역,CS300005,주류도매,5.0,5.0,0.0,0.0,0.0,0.0,0.0
20261,D,발달상권,3120052,성수역,CS300006,미곡판매,2.0,2.0,0.0,0.0,0.0,0.0,0.0
20261,D,발달상권,3120052,성수역,CS300007,육류판매,8.0,8.0,0.0,0.0,0.0,0.0,0.0
20261,D,발달상권,3120052,성수역,CS300008,수산물판매,1.0,1.0,0.0,0.0,0.0,0.0,0.0
20261,D,발달상권,3120052,성수역,CS300009,청과상,4.0,4.0,0.0,0.0,0.0,0.0,0.0
20261,D,발달상권,3120052,성수역,CS300010,반찬가게,39.0,39.0,0.0,0.0,0.0,0.0,0.0
20261,D,발달상권,3120052,성수역,CS300011,일반의류,129.0,129.0,0.0,9.0,12.0,3.0,4.0
20261,D,발달상권,3120052,성수역,CS300013,유아의류,2.0,2.0,0.0,0.0,0.0,0.0,0.0
20261,D,발달상권,3120052,성수역,CS300014,신발,48.0,48.0,0.0,2.0,1.0,4.0,2.0
20261,D,발달상권,3120052,성수역,CS300015,가방,10.0,9.0,1.0,10.0,1.0,0.0,0.0
20261,D,발달상권,3120052,성수역,CS300016,안경,9.0,8.0,1.0,11.0,1.0,11.0,1.0
20261,D,발달상권,3120052,성수역,CS300017,시계및귀금속,7.0,7.0,0.0,0.0,0.0,0.0,0.0
20261,D,발달상권,3120052,성수역,CS300018,의약품,18.0,17.0,1.0,17.0,3.0,0.0,0.0
20261,D,발달상권,3120052,성수역,CS300019,의료기기,26.0,26.0,0.0,0.0,0.0,0.0,0.0
20261,D,발달상권,3120052,성수역,CS300020,서적,14.0,14.0,0.0,7.0,1.0,0.0,0.0
20261,D,발달상권,3120052,성수역,CS300021,문구,11.0,10.0,1.0,0.0,0.0,0.0,0.0
20261,D,발달상권,3120052,성수역,CS300022,화장품,76.0,72.0,4.0,0.0,0.0,0.0,0.0
20261,D,발달상권,3120052,성수역,CS300023,미용재료,3.0,3.0,0.0,0.0,0.0,0.0,0.0
20261,D,발달상권,3120052,성수역,CS300024,운동/경기용품,12.0,12.0,0.0,0.0,0.0,0.0,0.0
20261,D,발달상권,3120052,성수역,CS300025,자전거 및 기타운송장비,2.0,2.0,0.0,0.0,0.0,0.0,0.0
20261,D,발달상권,3120052,성수역,CS300026,완구,7.0,7.0,0.0,0.0,0.0,0.0,0.0
20261,D,발달상권,3120052,성수역,CS300027,섬유제품,14.0,14.0,0.0,7.0,1.0,0.0,0.0
20261,D,발달상권,3120052,성수역,CS300028,화초,8.0,8.0,0.0,13.0,1.0,0.0,0.0
20261,D,발달상권,3120052,성수역,CS300029,애완동물,6.0,6.0,0.0,0.0,0.0,0.0,0.0
20261,D,발달상권,3120052,성수역,CS300031,가구,10.0,10.0,0.0,0.0,0.0,0.0,0.0
20261,D,발달상권,3120052,성수역,CS300032,가전제품,9.0,9.0,0.0,0.0,0.0,11.0,1.0
20261,D,발달상권,3120052,성수역,CS300033,철물점,3.0,3.0,0.0,0.0,0.0,0.0,0.0
20261,D,발달상권,3120052,성수역,CS300034,악기,2.0,2.0,0.0,0.0,0.0,0.0,0.0
20261,D,발달상권,3120052,성수역,CS300035,인테리어,12.0,12.0,0.0,0.0,0.0,0.0,0.0
20261,D,발달상권,3120052,성수역,CS300036,조명용품,32.0,32.0,0.0,0.0,0.0,0.0,0.0
20261,D,발달상권,3120052,성수역,CS300038,자동차부품,29.0,29.0,0.0,0.0,0.0,7.0,2.0
20261,D,발달상권,3120052,성수역,CS300040,재생용품 판매점,5.0,5.0,0.0,0.0,0.0,0.0,0.0
20261,D,발달상권,3120052,성수역,CS300041,예술품,3.0,3.0,0.0,33.0,1.0,0.0,0.0
20261,D,발달상권,3120052,성수역,CS300042,주유소,1.0,1.0,0.0,0.0,0.0,0.0,0.0
20261,D,발달상권,3120052,성수역,CS300043,전자상거래업,38.0,38.0,0.0,0.0,0.0,5.0,2.0
20261,R,전통시장,3130063,신금호역 골목형상점가,CS100001,한식음식점,23.0,21.0,2.0,4.0,1.0,0.0,0.0
20261,R,전통시장,3130063,신금호역 골목형상점가,CS100002,중식음식점,5.0,3.0,2.0,0.0,0.0,0.0,0.0
20261,R,전통시장,3130063,신금호역 골목형상점가,CS100003,일식음식점,2.0,2.0,0.0,0.0,0.0,50.0,1.0
20261,R,전통시장,3130063,신금호역 골목형상점가,CS100006,패스트푸드점,3.0,0.0,3.0,0.0,0.0,33.0,1.0
20261,R,전통시장,3130063,신금호역 골목형상점가,CS100007,치킨전문점,5.0,1.0,4.0,20.0,1.0,0.0,0.0
20261,R,전통시장,3130063,신금호역 골목형상점가,CS100008,분식전문점,6.0,5.0,1.0,0.0,0.0,0.0,0.0
20261,R,전통시장,3130063,신금호역 골목형상점가,CS100009,호프-간이주점,6.0,5.0,1.0,0.0,0.0,0.0,0.0
20261,R,전통시장,3130063,신금호역 골목형상점가,CS100010,커피-음료,3.0,2.0,1.0,0.0,0.0,0.0,0.0
20261,R,전통시장,3130063,신금호역 골목형상점가,CS200001,일반교습학원,3.0,3.0,0.0,0.0,0.0,0.0,0.0
20261,R,전통시장,3130063,신금호역 골목형상점가,CS200003,예술학원,1.0,1.0,0.0,0.0,0.0,0.0,0.0
20261,R,전통시장,3130063,신금호역 골목형상점가,CS200005,스포츠 강습,3.0,3.0,0.0,33.0,1.0,0.0,0.0
20261,R,전통시장,3130063,신금호역 골목형상점가,CS200006,일반의원,1.0,1.0,0.0,0.0,0.0,0.0,0.0
20261,R,전통시장,3130063,신금호역 골목형상점가,CS200007,치과의원,2.0,2.0,0.0,0.0,0.0,0.0,0.0
20261,R,전통시장,3130063,신금호역 골목형상점가,CS200008,한의원,1.0,1.0,0.0,0.0,0.0,0.0,0.0
20261,R,전통시장,3130063,신금호역 골목형상점가,CS200009,동물병원,1.0,1.0,0.0,0.0,0.0,0.0,0.0
20261,R,전통시장,3130063,신금호역 골목형상점가,CS200016,당구장,2.0,2.0,0.0,0.0,0.0,0.0,0.0
20261,R,전통시장,3130063,신금호역 골목형상점가,CS200022,복권방,1.0,1.0,0.0,0.0,0.0,0.0,0.0
20261,R,전통시장,3130063,신금호역 골목형상점가,CS200024,스포츠클럽,4.0,4.0,0.0,0.0,0.0,0.0,0.0
20261,R,전통시장,3130063,신금호역 골목형상점가,CS200028,미용실,9.0,6.0,3.0,0.0,0.0,11.0,1.0
20261,R,전통시장,3130063,신금호역 골목형상점가,CS200029,네일숍,1.0,1.0,0.0,0.0,0.0,0.0,0.0
20261,R,전통시장,3130063,신금호역 골목형상점가,CS200030,피부관리실,1.0,1.0,0.0,0.0,0.0,0.0,0.0
20261,R,전통시장,3130063,신금호역 골목형상점가,CS200033,부동산중개업,7.0,6.0,1.0,0.0,0.0,0.0,0.0
20261,R,전통시장,3130063,신금호역 골목형상점가,CS200034,여관,1.0,1.0,0.0,0.0,0.0,0.0,0.0
20261,R,전통시장,3130063,신금호역 골목형상점가,CS200035,게스트하우스,3.0,3.0,0.0,0.0,0.0,0.0,0.0
20261,R,전통시장,3130063,신금호역 골목형상점가,CS200036,고시원,1.0,1.0,0.0,0.0,0.0,0.0,0.0
20261,R,전통시장,3130063,신금호역 골목형상점가,CS200037,노래방,3.0,3.0,0.0,0.0,0.0,0.0,0.0
20261,R,전통시장,3130063,신금호역 골목형상점가,CS200038,독서실,1.0,1.0,0.0,0.0,0.0,0.0,0.0
20261,R,전통시장,3130063,신금호역 골목형상점가,CS300001,슈퍼마켓,3.0,2.0,1.0,33.0,1.0,0.0,0.0
20261,R,전통시장,3130063,신금호역 골목형상점가,CS300002,편의점,4.0,2.0,2.0,0.0,0.0,0.0,0.0
20261,R,전통시장,3130063,신금호역 골목형상점가,CS300003,컴퓨터및주변장치판매,1.0,1.0,0.0,0.0,0.0,0.0,0.0
20261,R,전통시장,3130063,신금호역 골목형상점가,CS300004,핸드폰,2.0,2.0,0.0,0.0,0.0,0.0,0.0
20261,R,전통시장,3130063,신금호역 골목형상점가,CS300007,육류판매,4.0,4.0,0.0,0.0,0.0,0.0,0.0
20261,R,전통시장,3130063,신금호역 골목형상점가,CS300009,청과상,1.0,1.0,0.0,0.0,0.0,0.0,0.0
20261,R,전통시장,3130063,신금호역 골목형상점가,CS300011,일반의류,8.0,8.0,0.0,0.0,0.0,0.0,0.0
20261,R,전통시장,3130063,신금호역 골목형상점가,CS300017,시계및귀금속,1.0,1.0,0.0,0.0,0.0,0.0,0.0
20261,R,전통시장,3130063,신금호역 골목형상점가,CS300018,의약품,1.0,1.0,0.0,0.0,0.0,0.0,0.0
20261,R,전통시장,3130063,신금호역 골목형상점가,CS300020,서적,2.0,2.0,0.0,0.0,0.0,0.0,0.0
20261,R,전통시장,3130063,신금호역 골목형상점가,CS300021,문구,1.0,0.0,1.0,0.0,0.0,0.0,0.0
20261,R,전통시장,3130063,신금호역 골목형상점가,CS300022,화장품,3.0,3.0,0.0,0.0,0.0,0.0,0.0
20261,R,전통시장,3130063,신금호역 골목형상점가,CS300027,섬유제품,1.0,1.0,0.0,0.0,0.0,0.0,0.0
20261,R,전통시장,3130063,신금호역 골목형상점가,CS300029,애완동물,0.0,0.0,0.0,0.0,0.0,0.0,1.0
20261,R,전통시장,3130063,신금호역 골목형상점가,CS300033,철물점,1.0,1.0,0.0,0.0,0.0,0.0,0.0
20261,R,전통시장,3130063,신금호역 골목형상점가,CS300036,조명용품,1.0,1.0,0.0,0.0,0.0,0.0,0.0
20261,R,전통시장,3130064,금남시장,CS100001,한식음식점,37.0,36.0,1.0,3.0,1.0,0.0,0.0
20261,R,전통시장,3130064,금남시장,CS100002,중식음식점,1.0,1.0,0.0,0.0,0.0,0.0,0.0
20261,R,전통시장,3130064,금남시장,CS100003,일식음식점,2.0,2.0,0.0,0.0,0.0,0.0,0.0
20261,R,전통시장,3130064,금남시장,CS100004,양식음식점,1.0,1.0,0.0,0.0,0.0,0.0,0.0
20261,R,전통시장,3130064,금남시장,CS100006,패스트푸드점,1.0,1.0,0.0,0.0,0.0,0.0,0.0
20261,R,전통시장,3130064,금남시장,CS100007,치킨전문점,5.0,4.0,1.0,0.0,0.0,0.0,0.0
20261,R,전통시장,3130064,금남시장,CS100008,분식전문점,6.0,4.0,2.0,0.0,0.0,0.0,0.0
20261,R,전통시장,3130064,금남시장,CS100009,호프-간이주점,5.0,5.0,0.0,0.0,0.0,20.0,1.0
20261,R,전통시장,3130064,금남시장,CS100010,커피-음료,1.0,1.0,0.0,0.0,0.0,0.0,0.0
20261,R,전통시장,3130064,금남시장,CS200006,일반의원,5.0,5.0,0.0,0.0,0.0,0.0,0.0
20261,R,전통시장,3130064,금남시장,CS200007,치과의원,3.0,3.0,0.0,0.0,0.0,0.0,0.0
20261,R,전통시장,3130064,금남시장,CS200008,한의원,2.0,2.0,0.0,0.0,0.0,0.0,0.0
20261,R,전통시장,3130064,금남시장,CS200028,미용실,4.0,4.0,0.0,0.0,0.0,0.0,0.0
20261,R,전통시장,3130064,금남시장,CS200029,네일숍,1.0,1.0,0.0,0.0,0.0,0.0,0.0
20261,R,전통시장,3130064,금남시장,CS200030,피부관리실,1.0,1.0,0.0,0.0,0.0,0.0,0.0
20261,R,전통시장,3130064,금남시장,CS200032,가전제품수리,1.0,1.0,0.0,0.0,0.0,0.0,0.0
20261,R,전통시장,3130064,금남시장,CS200033,부동산중개업,3.0,3.0,0.0,0.0,0.0,0.0,0.0
20261,R,전통시장,3130064,금남시장,CS200043,건축물청소,1.0,0.0,1.0,0.0,0.0,0.0,0.0
20261,R,전통시장,3130064,금남시장,CS300001,슈퍼마켓,3.0,3.0,0.0,0.0,0.0,0.0,0.0
20261,R,전통시장,3130064,금남시장,CS300007,육류판매,4.0,4.0,0.0,0.0,0.0,0.0,0.0
20261,R,전통시장,3130064,금남시장,CS300008,수산물판매,1.0,1.0,0.0,0.0,0.0,100.0,1.0
20261,R,전통시장,3130064,금남시장,CS300009,청과상,1.0,1.0,0.0,0.0,0.0,0.0,0.0
20261,R,전통시장,3130064,금남시장,CS300010,반찬가게,2.0,2.0,0.0,0.0,0.0,0.0,0.0
20261,R,전통시장,3130064,금남시장,CS300011,일반의류,7.0,7.0,0.0,0.0,0.0,0.0,0.0
20261,R,전통시장,3130064,금남시장,CS300017,시계및귀금속,2.0,2.0,0.0,0.0,0.0,50.0,1.0
20261,R,전통시장,3130064,금남시장,CS300018,의약품,6.0,6.0,0.0,0.0,0.0,17.0,1.0
20261,R,전통시장,3130064,금남시장,CS300022,화장품,0.0,0.0,0.0,0.0,0.0,0.0,1.0
20261,R,전통시장,3130064,금남시장,CS300027,섬유제품,3.0,3.0,0.0,0.0,0.0,0.0,0.0
20261,R,전통시장,3130064,금남시장,CS300029,애완동물,1.0,1.0,0.0,0.0,0.0,0.0,0.0
20261,R,전통시장,3130064,금남시장,CS300035,인테리어,1.0,1.0,0.0,0.0,0.0,0.0,0.0
20261,R,전통시장,3130064,금남시장,CS300036,조명용품,1.0,1.0,0.0,0.0,0.0,0.0,0.0
20261,R,전통시장,3130065,무학봉상점가,CS100001,한식음식점,30.0,27.0,3.0,0.0,0.0,0.0,0.0
20261,R,전통시장,3130065,무학봉상점가,CS100002,중식음식점,3.0,1.0,2.0,0.0,0.0,0.0,0.0
20261,R,전통시장,3130065,무학봉상점가,CS100003,일식음식점,1.0,1.0,0.0,0.0,0.0,0.0,0.0
20261,R,전통시장,3130065,무학봉상점가,CS100004,양식음식점,1.0,1.0,0.0,0.0,0.0,0.0,0.0
20261,R,전통시장,3130065,무학봉상점가,CS100005,제과점,5.0,4.0,1.0,0.0,0.0,20.0,1.0
20261,R,전통시장,3130065,무학봉상점가,CS100006,패스트푸드점,1.0,0.0,1.0,0.0,0.0,0.0,0.0
20261,R,전통시장,3130065,무학봉상점가,CS100007,치킨전문점,4.0,2.0,2.0,0.0,0.0,0.0,0.0
20261,R,전통시장,3130065,무학봉상점가,CS100008,분식전문점,6.0,4.0,2.0,17.0,1.0,0.0,0.0
20261,R,전통시장,3130065,무학봉상점가,CS100009,호프-간이주점,3.0,3.0,0.0,0.0,0.0,0.0,0.0
20261,R,전통시장,3130065,무학봉상점가,CS100010,커피-음료,11.0,10.0,1.0,0.0,0.0,0.0,0.0
20261,R,전통시장,3130065,무학봉상점가,CS200001,일반교습학원,5.0,5.0,0.0,0.0,0.0,0.0,0.0
20261,R,전통시장,3130065,무학봉상점가,CS200002,외국어학원,1.0,1.0,0.0,0.0,0.0,0.0,0.0
20261,R,전통시장,3130065,무학봉상점가,CS200003,예술학원,3.0,3.0,0.0,0.0,0.0,0.0,0.0
20261,R,전통시장,3130065,무학봉상점가,CS200005,스포츠 강습,3.0,3.0,0.0,0.0,0.0,0.0,0.0
20261,R,전통시장,3130065,무학봉상점가,CS200006,일반의원,3.0,3.0,0.0,0.0,0.0,0.0,0.0
20261,R,전통시장,3130065,무학봉상점가,CS200007,치과의원,4.0,4.0,0.0,0.0,0.0,0.0,0.0
20261,R,전통시장,3130065,무학봉상점가,CS200008,한의원,2.0,2.0,0.0,0.0,0.0,0.0,0.0
20261,R,전통시장,3130065,무학봉상점가,CS200015,세무사사무소,1.0,1.0,0.0,0.0,0.0,0.0,0.0
20261,R,전통시장,3130065,무학봉상점가,CS200024,스포츠클럽,2.0,2.0,0.0,0.0,0.0,0.0,0.0
20261,R,전통시장,3130065,무학봉상점가,CS200026,자동차미용,1.0,1.0,0.0,0.0,0.0,0.0,0.0
20261,R,전통시장,3130065,무학봉상점가,CS200027,모터사이클수리,1.0,1.0,0.0,0.0,0.0,0.0,0.0
20261,R,전통시장,3130065,무학봉상점가,CS200028,미용실,14.0,11.0,3.0,7.0,1.0,0.0,0.0
20261,R,전통시장,3130065,무학봉상점가,CS200029,네일숍,2.0,2.0,0.0,0.0,0.0,0.0,0.0
20261,R,전통시장,3130065,무학봉상점가,CS200030,피부관리실,7.0,7.0,0.0,0.0,0.0,14.0,1.0
20261,R,전통시장,3130065,무학봉상점가,CS200031,세탁소,3.0,2.0,1.0,0.0,0.0,0.0,0.0
20261,R,전통시장,3130065,무학봉상점가,CS200032,가전제품수리,1.0,1.0,0.0,0.0,0.0,0.0,0.0
20261,R,전통시장,3130065,무학봉상점가,CS200033,부동산중개업,15.0,15.0,0.0,0.0,0.0,0.0,0.0
20261,R,전통시장,3130065,무학봉상점가,CS200034,여관,2.0,2.0,0.0,0.0,0.0,0.0,0.0
20261,R,전통시장,3130065,무학봉상점가,CS200035,게스트하우스,3.0,3.0,0.0,0.0,0.0,0.0,0.0
20261,R,전통시장,3130065,무학봉상점가,CS200037,노래방,2.0,2.0,0.0,0.0,0.0,0.0,0.0
20261,R,전통시장,3130065,무학봉상점가,CS200038,독서실,2.0,2.0,0.0,0.0,0.0,0.0,0.0
20261,R,전통시장,3130065,무학봉상점가,CS200041,사진관,1.0,1.0,0.0,0.0,0.0,0.0,0.0
20261,R,전통시장,3130065,무학봉상점가,CS300001,슈퍼마켓,7.0,6.0,1.0,0.0,0.0,0.0,0.0
20261,R,전통시장,3130065,무학봉상점가,CS300002,편의점,2.0,0.0,2.0,0.0,0.0,0.0,0.0
20261,R,전통시장,3130065,무학봉상점가,CS300004,핸드폰,2.0,2.0,0.0,0.0,0.0,0.0,0.0
20261,R,전통시장,3130065,무학봉상점가,CS300006,미곡판매,1.0,1.0,0.0,0.0,0.0,0.0,0.0
20261,R,전통시장,3130065,무학봉상점가,CS300007,육류판매,3.0,3.0,0.0,0.0,0.0,0.0,0.0
20261,R,전통시장,3130065,무학봉상점가,CS300008,수산물판매,0.0,0.0,0.0,0.0,0.0,0.0,1.0
20261,R,전통시장,3130065,무학봉상점가,CS300009,청과상,5.0,5.0,0.0,0.0,0.0,40.0,2.0
20261,R,전통시장,3130065,무학봉상점가,CS300010,반찬가게,3.0,3.0,0.0,0.0,0.0,0.0,0.0
20261,R,전통시장,3130065,무학봉상점가,CS300011,일반의류,13.0,13.0,0.0,0.0,0.0,0.0,0.0
20261,R,전통시장,3130065,무학봉상점가,CS300016,안경,1.0,0.0,1.0,0.0,0.0,0.0,0.0
20261,R,전통시장,3130065,무학봉상점가,CS300018,의약품,2.0,2.0,0.0,0.0,0.0,0.0,0.0
20261,R,전통시장,3130065,무학봉상점가,CS300020,서적,1.0,1.0,0.0,0.0,0.0,0.0,0.0
20261,R,전통시장,3130065,무학봉상점가,CS300021,문구,2.0,2.0,0.0,0.0,0.0,0.0,0.0
20261,R,전통시장,3130065,무학봉상점가,CS300022,화장품,8.0,8.0,0.0,0.0,0.0,0.0,0.0
20261,R,전통시장,3130065,무학봉상점가,CS300023,미용재료,1.0,1.0,0.0,0.0,0.0,0.0,0.0
20261,R,전통시장,3130065,무학봉상점가,CS300027,섬유제품,2.0,2.0,0.0,0.0,0.0,0.0,0.0
20261,R,전통시장,3130065,무학봉상점가,CS300028,화초,1.0,1.0,0.0,0.0,0.0,0.0,0.0
20261,R,전통시장,3130065,무학봉상점가,CS300029,애완동물,1.0,1.0,0.0,0.0,0.0,0.0,0.0
20261,R,전통시장,3130065,무학봉상점가,CS300032,가전제품,2.0,2.0,0.0,0.0,0.0,0.0,0.0
20261,R,전통시장,3130065,무학봉상점가,CS300033,철물점,3.0,3.0,0.0,0.0,0.0,0.0,0.0
20261,R,전통시장,3130065,무학봉상점가,CS300035,인테리어,3.0,3.0,0.0,0.0,0.0,0.0,0.0
20261,R,전통시장,3130065,무학봉상점가,CS300036,조명용품,3.0,3.0,0.0,0.0,0.0,0.0,0.0
20261,R,전통시장,3130065,무학봉상점가,CS300043,전자상거래업,6.0,6.0,0.0,0.0,0.0,0.0,0.0
20261,R,전통시장,3130066,행당시장상점가,CS100001,한식음식점,65.0,58.0,7.0,3.0,2.0,3.0,2.0
20261,R,전통시장,3130066,행당시장상점가,CS100002,중식음식점,2.0,2.0,0.0,0.0,0.0,50.0,1.0
20261,R,전통시장,3130066,행당시장상점가,CS100003,일식음식점,6.0,6.0,0.0,0.0,0.0,0.0,0.0
20261,R,전통시장,3130066,행당시장상점가,CS100004,양식음식점,6.0,5.0,1.0,0.0,0.0,0.0,0.0
20261,R,전통시장,3130066,행당시장상점가,CS100005,제과점,4.0,4.0,0.0,0.0,0.0,0.0,0.0
20261,R,전통시장,3130066,행당시장상점가,CS100006,패스트푸드점,1.0,1.0,0.0,0.0,0.0,0.0,0.0
20261,R,전통시장,3130066,행당시장상점가,CS100007,치킨전문점,6.0,4.0,2.0,17.0,1.0,17.0,1.0
20261,R,전통시장,3130066,행당시장상점가,CS100008,분식전문점,14.0,14.0,0.0,0.0,0.0,0.0,0.0
20261,R,전통시장,3130066,행당시장상점가,CS100009,호프-간이주점,13.0,12.0,1.0,0.0,0.0,0.0,0.0
20261,R,전통시장,3130066,행당시장상점가,CS100010,커피-음료,9.0,5.0,4.0,0.0,0.0,11.0,1.0
20261,R,전통시장,3130066,행당시장상점가,CS200001,일반교습학원,3.0,3.0,0.0,0.0,0.0,0.0,0.0
20261,R,전통시장,3130066,행당시장상점가,CS200002,외국어학원,3.0,3.0,0.0,0.0,0.0,0.0,0.0
20261,R,전통시장,3130066,행당시장상점가,CS200004,컴퓨터학원,1.0,1.0,0.0,0.0,0.0,0.0,0.0
20261,R,전통시장,3130066,행당시장상점가,CS200005,스포츠 강습,4.0,4.0,0.0,0.0,0.0,0.0,0.0
20261,R,전통시장,3130066,행당시장상점가,CS200006,일반의원,23.0,23.0,0.0,0.0,0.0,0.0,0.0
20261,R,전통시장,3130066,행당시장상점가,CS200007,치과의원,6.0,6.0,0.0,0.0,0.0,0.0,0.0
20261,R,전통시장,3130066,행당시장상점가,CS200008,한의원,5.0,5.0,0.0,0.0,0.0,0.0,0.0
20261,R,전통시장,3130066,행당시장상점가,CS200015,세무사사무소,3.0,3.0,0.0,0.0,0.0,0.0,0.0
20261,R,전통시장,3130066,행당시장상점가,CS200016,당구장,5.0,5.0,0.0,20.0,1.0,0.0,0.0
20261,R,전통시장,3130066,행당시장상점가,CS200017,골프연습장,2.0,1.0,1.0,0.0,0.0,0.0,0.0
20261,R,전통시장,3130066,행당시장상점가,CS200019,PC방,3.0,3.0,0.0,0.0,0.0,0.0,0.0
20261,R,전통시장,3130066,행당시장상점가,CS200022,복권방,1.0,1.0,0.0,0.0,0.0,0.0,0.0
20261,R,전통시장,3130066,행당시장상점가,CS200024,스포츠클럽,5.0,5.0,0.0,0.0,0.0,0.0,0.0
20261,R,전통시장,3130066,행당시장상점가,CS200028,미용실,10.0,10.0,0.0,0.0,0.0,0.0,0.0
20261,R,전통시장,3130066,행당시장상점가,CS200029,네일숍,5.0,5.0,0.0,0.0,0.0,0.0,0.0
20261,R,전통시장,3130066,행당시장상점가,CS200030,피부관리실,11.0,11.0,0.0,0.0,0.0,0.0,0.0
20261,R,전통시장,3130066,행당시장상점가,CS200031,세탁소,4.0,4.0,0.0,0.0,0.0,0.0,0.0
20261,R,전통시장,3130066,행당시장상점가,CS200033,부동산중개업,13.0,13.0,0.0,0.0,0.0,0.0,0.0
20261,R,전통시장,3130066,행당시장상점가,CS200034,여관,1.0,1.0,0.0,0.0,0.0,0.0,0.0
20261,R,전통시장,3130066,행당시장상점가,CS200037,노래방,9.0,9.0,0.0,0.0,0.0,0.0,0.0
20261,R,전통시장,3130066,행당시장상점가,CS200039,DVD방,2.0,2.0,0.0,50.0,1.0,0.0,0.0
20261,R,전통시장,3130066,행당시장상점가,CS200041,사진관,1.0,1.0,0.0,0.0,0.0,0.0,0.0
20261,R,전통시장,3130066,행당시장상점가,CS200044,여행사,2.0,2.0,0.0,0.0,0.0,0.0,0.0
20261,R,전통시장,3130066,행당시장상점가,CS300001,슈퍼마켓,4.0,3.0,1.0,0.0,0.0,0.0,0.0
20261,R,전통시장,3130066,행당시장상점가,CS300002,편의점,3.0,1.0,2.0,0.0,0.0,0.0,0.0
20261,R,전통시장,3130066,행당시장상점가,CS300003,컴퓨터및주변장치판매,2.0,2.0,0.0,0.0,0.0,0.0,0.0
20261,R,전통시장,3130066,행당시장상점가,CS300004,핸드폰,9.0,9.0,0.0,0.0,0.0,0.0,0.0
20261,R,전통시장,3130066,행당시장상점가,CS300006,미곡판매,2.0,2.0,0.0,0.0,0.0,0.0,0.0
20261,R,전통시장,3130066,행당시장상점가,CS300007,육류판매,4.0,4.0,0.0,0.0,0.0,0.0,0.0
20261,R,전통시장,3130066,행당시장상점가,CS300008,수산물판매,4.0,4.0,0.0,0.0,0.0,0.0,0.0
20261,R,전통시장,3130066,행당시장상점가,CS300010,반찬가게,4.0,3.0,1.0,0.0,0.0,0.0,0.0
20261,R,전통시장,3130066,행당시장상점가,CS300011,일반의류,10.0,10.0,0.0,0.0,0.0,10.0,1.0
20261,R,전통시장,3130066,행당시장상점가,CS300014,신발,2.0,2.0,0.0,0.0,0.0,0.0,0.0
20261,R,전통시장,3130066,행당시장상점가,CS300016,안경,1.0,0.0,1.0,0.0,0.0,0.0,0.0
20261,R,전통시장,3130066,행당시장상점가,CS300017,시계및귀금속,2.0,2.0,0.0,0.0,0.0,0.0,0.0
20261,R,전통시장,3130066,행당시장상점가,CS300018,의약품,8.0,8.0,0.0,0.0,0.0,0.0,0.0
20261,R,전통시장,3130066,행당시장상점가,CS300019,의료기기,2.0,2.0,0.0,0.0,0.0,0.0,0.0
20261,R,전통시장,3130066,행당시장상점가,CS300022,화장품,1.0,1.0,0.0,0.0,0.0,0.0,0.0
20261,R,전통시장,3130066,행당시장상점가,CS300024,운동/경기용품,1.0,1.0,0.0,0.0,0.0,0.0,0.0
20261,R,전통시장,3130066,행당시장상점가,CS300027,섬유제품,2.0,2.0,0.0,0.0,0.0,0.0,0.0
20261,R,전통시장,3130066,행당시장상점가,CS300028,화초,4.0,4.0,0.0,0.0,0.0,0.0,0.0
20261,R,전통시장,3130066,행당시장상점가,CS300029,애완동물,2.0,2.0,0.0,0.0,0.0,0.0,0.0
20261,R,전통시장,3130066,행당시장상점가,CS300031,가구,2.0,2.0,0.0,0.0,0.0,0.0,0.0
20261,R,전통시장,3130066,행당시장상점가,CS300033,철물점,1.0,1.0,0.0,0.0,0.0,0.0,0.0
20261,R,전통시장,3130066,행당시장상점가,CS300035,인테리어,2.0,2.0,0.0,0.0,0.0,0.0,0.0
20261,R,전통시장,3130066,행당시장상점가,CS300036,조명용품,2.0,2.0,0.0,0.0,0.0,0.0,0.0
20261,R,전통시장,3130066,행당시장상점가,CS300043,전자상거래업,5.0,5.0,0.0,0.0,0.0,0.0,0.0
20261,R,전통시장,3130067,왕십리도선동상점가,CS100001,한식음식점,87.0,80.0,7.0,2.0,2.0,3.0,3.0
20261,R,전통시장,3130067,왕십리도선동상점가,CS100002,중식음식점,5.0,4.0,1.0,0.0,0.0,0.0,0.0
20261,R,전통시장,3130067,왕십리도선동상점가,CS100003,일식음식점,7.0,7.0,0.0,14.0,1.0,0.0,0.0
20261,R,전통시장,3130067,왕십리도선동상점가,CS100004,양식음식점,6.0,5.0,1.0,0.0,0.0,0.0,0.0
20261,R,전통시장,3130067,왕십리도선동상점가,CS100005,제과점,2.0,0.0,2.0,0.0,0.0,0.0,0.0
20261,R,전통시장,3130067,왕십리도선동상점가,CS100006,패스트푸드점,2.0,0.0,2.0,0.0,0.0,0.0,0.0
20261,R,전통시장,3130067,왕십리도선동상점가,CS100007,치킨전문점,9.0,3.0,6.0,0.0,0.0,0.0,0.0
20261,R,전통시장,3130067,왕십리도선동상점가,CS100008,분식전문점,17.0,15.0,2.0,6.0,1.0,6.0,1.0
20261,R,전통시장,3130067,왕십리도선동상점가,CS100009,호프-간이주점,29.0,28.0,1.0,0.0,0.0,3.0,1.0
20261,R,전통시장,3130067,왕십리도선동상점가,CS100010,커피-음료,17.0,14.0,3.0,12.0,2.0,18.0,3.0
20261,R,전통시장,3130067,왕십리도선동상점가,CS200001,일반교습학원,6.0,6.0,0.0,0.0,0.0,0.0,0.0
20261,R,전통시장,3130067,왕십리도선동상점가,CS200002,외국어학원,1.0,1.0,0.0,0.0,0.0,0.0,0.0
20261,R,전통시장,3130067,왕십리도선동상점가,CS200003,예술학원,1.0,1.0,0.0,0.0,0.0,100.0,1.0
20261,R,전통시장,3130067,왕십리도선동상점가,CS200005,스포츠 강습,9.0,9.0,0.0,0.0,0.0,0.0,0.0
20261,R,전통시장,3130067,왕십리도선동상점가,CS200006,일반의원,10.0,10.0,0.0,10.0,1.0,0.0,0.0
20261,R,전통시장,3130067,왕십리도선동상점가,CS200007,치과의원,3.0,3.0,0.0,0.0,0.0,0.0,0.0
20261,R,전통시장,3130067,왕십리도선동상점가,CS200008,한의원,6.0,6.0,0.0,0.0,0.0,0.0,0.0
20261,R,전통시장,3130067,왕십리도선동상점가,CS200009,동물병원,1.0,1.0,0.0,0.0,0.0,0.0,0.0
20261,R,전통시장,3130067,왕십리도선동상점가,CS200010,변호사사무소,1.0,1.0,0.0,0.0,0.0,0.0,0.0
20261,R,전통시장,3130067,왕십리도선동상점가,CS200012,법무사사무소,1.0,1.0,0.0,0.0,0.0,0.0,0.0
20261,R,전통시장,3130067,왕십리도선동상점가,CS200013,기타법무서비스,3.0,3.0,0.0,0.0,0.0,0.0,0.0
20261,R,전통시장,3130067,왕십리도선동상점가,CS200014,회계사사무소,1.0,1.0,0.0,0.0,0.0,0.0,0.0
20261,R,전통시장,3130067,왕십리도선동상점가,CS200015,세무사사무소,3.0,3.0,0.0,0.0,0.0,0.0,0.0
20261,R,전통시장,3130067,왕십리도선동상점가,CS200016,당구장,2.0,2.0,0.0,0.0,0.0,0.0,0.0
20261,R,전통시장,3130067,왕십리도선동상점가,CS200019,PC방,1.0,1.0,0.0,0.0,0.0,0.0,0.0
20261,R,전통시장,3130067,왕십리도선동상점가,CS200022,복권방,3.0,3.0,0.0,0.0,0.0,0.0,0.0
20261,R,전통시장,3130067,왕십리도선동상점가,CS200024,스포츠클럽,4.0,3.0,1.0,0.0,0.0,0.0,0.0
20261,R,전통시장,3130067,왕십리도선동상점가,CS200025,자동차수리,2.0,2.0,0.0,0.0,0.0,0.0,0.0
20261,R,전통시장,3130067,왕십리도선동상점가,CS200026,자동차미용,2.0,2.0,0.0,0.0,0.0,0.0,0.0
20261,R,전통시장,3130067,왕십리도선동상점가,CS200028,미용실,19.0,19.0,0.0,0.0,0.0,0.0,0.0
20261,R,전통시장,3130067,왕십리도선동상점가,CS200029,네일숍,7.0,7.0,0.0,0.0,0.0,0.0,0.0
20261,R,전통시장,3130067,왕십리도선동상점가,CS200030,피부관리실,22.0,22.0,0.0,5.0,1.0,5.0,1.0
20261,R,전통시장,3130067,왕십리도선동상점가,CS200031,세탁소,5.0,4.0,1.0,0.0,0.0,0.0,0.0
20261,R,전통시장,3130067,왕십리도선동상점가,CS200032,가전제품수리,0.0,0.0,0.0,0.0,0.0,0.0,1.0
20261,R,전통시장,3130067,왕십리도선동상점가,CS200033,부동산중개업,29.0,29.0,0.0,0.0,0.0,3.0,1.0
20261,R,전통시장,3130067,왕십리도선동상점가,CS200034,여관,21.0,21.0,0.0,5.0,1.0,0.0,0.0
20261,R,전통시장,3130067,왕십리도선동상점가,CS200035,게스트하우스,1.0,1.0,0.0,0.0,0.0,0.0,0.0
20261,R,전통시장,3130067,왕십리도선동상점가,CS200037,노래방,7.0,7.0,0.0,14.0,1.0,14.0,1.0
20261,R,전통시장,3130067,왕십리도선동상점가,CS200038,독서실,1.0,1.0,0.0,0.0,0.0,0.0,0.0
20261,R,전통시장,3130067,왕십리도선동상점가,CS200041,사진관,2.0,2.0,0.0,0.0,0.0,0.0,0.0
20261,R,전통시장,3130067,왕십리도선동상점가,CS200043,건축물청소,6.0,6.0,0.0,0.0,0.0,17.0,1.0
20261,R,전통시장,3130067,왕십리도선동상점가,CS200044,여행사,6.0,5.0,1.0,0.0,0.0,0.0,0.0
20261,R,전통시장,3130067,왕십리도선동상점가,CS200045,비디오/서적임대,1.0,1.0,0.0,0.0,0.0,0.0,0.0
20261,R,전통시장,3130067,왕십리도선동상점가,CS200047,가정용품임대,3.0,3.0,0.0,0.0,0.0,0.0,0.0
20261,R,전통시장,3130067,왕십리도선동상점가,CS300001,슈퍼마켓,6.0,6.0,0.0,0.0,0.0,0.0,0.0
20261,R,전통시장,3130067,왕십리도선동상점가,CS300002,편의점,7.0,4.0,3.0,0.0,0.0,0.0,0.0
20261,R,전통시장,3130067,왕십리도선동상점가,CS300003,컴퓨터및주변장치판매,7.0,7.0,0.0,0.0,0.0,0.0,0.0
20261,R,전통시장,3130067,왕십리도선동상점가,CS300004,핸드폰,6.0,5.0,1.0,0.0,0.0,0.0,0.0
20261,R,전통시장,3130067,왕십리도선동상점가,CS300006,미곡판매,3.0,3.0,0.0,0.0,0.0,0.0,0.0
20261,R,전통시장,3130067,왕십리도선동상점가,CS300007,육류판매,11.0,11.0,0.0,0.0,0.0,9.0,1.0
20261,R,전통시장,3130067,왕십리도선동상점가,CS300008,수산물판매,2.0,2.0,0.0,0.0,0.0,0.0,0.0
20261,R,전통시장,3130067,왕십리도선동상점가,CS300009,청과상,4.0,4.0,0.0,0.0,0.0,0.0,0.0
20261,R,전통시장,3130067,왕십리도선동상점가,CS300010,반찬가게,6.0,6.0,0.0,0.0,0.0,0.0,0.0
20261,R,전통시장,3130067,왕십리도선동상점가,CS300011,일반의류,19.0,19.0,0.0,0.0,0.0,0.0,0.0
20261,R,전통시장,3130067,왕십리도선동상점가,CS300014,신발,2.0,2.0,0.0,0.0,0.0,0.0,0.0
20261,R,전통시장,3130067,왕십리도선동상점가,CS300016,안경,3.0,2.0,1.0,0.0,0.0,0.0,0.0
20261,R,전통시장,3130067,왕십리도선동상점가,CS300017,시계및귀금속,4.0,4.0,0.0,25.0,1.0,0.0,0.0
20261,R,전통시장,3130067,왕십리도선동상점가,CS300018,의약품,5.0,4.0,1.0,0.0,0.0,0.0,0.0
20261,R,전통시장,3130067,왕십리도선동상점가,CS300019,의료기기,4.0,4.0,0.0,0.0,0.0,0.0,0.0
20261,R,전통시장,3130067,왕십리도선동상점가,CS300020,서적,2.0,2.0,0.0,0.0,0.0,0.0,0.0
20261,R,전통시장,3130067,왕십리도선동상점가,CS300021,문구,1.0,1.0,0.0,0.0,0.0,100.0,1.0
20261,R,전통시장,3130067,왕십리도선동상점가,CS300022,화장품,12.0,12.0,0.0,0.0,0.0,8.0,1.0
20261,R,전통시장,3130067,왕십리도선동상점가,CS300023,미용재료,1.0,1.0,0.0,0.0,0.0,0.0,0.0
20261,R,전통시장,3130067,왕십리도선동상점가,CS300024,운동/경기용품,1.0,1.0,0.0,0.0,0.0,0.0,0.0
20261,R,전통시장,3130067,왕십리도선동상점가,CS300027,섬유제품,4.0,4.0,0.0,0.0,0.0,0.0,0.0
20261,R,전통시장,3130067,왕십리도선동상점가,CS300029,애완동물,2.0,2.0,0.0,0.0,0.0,0.0,0.0
20261,R,전통시장,3130067,왕십리도선동상점가,CS300031,가구,3.0,3.0,0.0,0.0,0.0,0.0,0.0
20261,R,전통시장,3130067,왕십리도선동상점가,CS300033,철물점,2.0,2.0,0.0,0.0,0.0,0.0,0.0
20261,R,전통시장,3130067,왕십리도선동상점가,CS300034,악기,1.0,1.0,0.0,0.0,0.0,0.0,0.0
20261,R,전통시장,3130067,왕십리도선동상점가,CS300035,인테리어,4.0,4.0,0.0,0.0,0.0,0.0,0.0
20261,R,전통시장,3130067,왕십리도선동상점가,CS300036,조명용품,3.0,3.0,0.0,0.0,0.0,0.0,0.0
20261,R,전통시장,3130067,왕십리도선동상점가,CS300043,전자상거래업,14.0,14.0,0.0,0.0,0.0,0.0,0.0
20261,R,전통시장,3130068,마장축산물시장,CS100001,한식음식점,64.0,62.0,2.0,0.0,0.0,2.0,1.0
20261,R,전통시장,3130068,마장축산물시장,CS100002,중식음식점,2.0,2.0,0.0,0.0,0.0,0.0,0.0
20261,R,전통시장,3130068,마장축산물시장,CS100003,일식음식점,0.0,0.0,0.0,0.0,0.0,0.0,1.0
20261,R,전통시장,3130068,마장축산물시장,CS100004,양식음식점,3.0,2.0,1.0,0.0,0.0,0.0,0.0
20261,R,전통시장,3130068,마장축산물시장,CS100005,제과점,1.0,0.0,1.0,0.0,0.0,0.0,0.0
20261,R,전통시장,3130068,마장축산물시장,CS100008,분식전문점,2.0,1.0,1.0,0.0,0.0,0.0,0.0
20261,R,전통시장,3130068,마장축산물시장,CS100009,호프-간이주점,6.0,4.0,2.0,0.0,0.0,0.0,0.0
20261,R,전통시장,3130068,마장축산물시장,CS100010,커피-음료,4.0,3.0,1.0,0.0,0.0,0.0,0.0
20261,R,전통시장,3130068,마장축산물시장,CS200001,일반교습학원,2.0,2.0,0.0,0.0,0.0,0.0,0.0
20261,R,전통시장,3130068,마장축산물시장,CS200003,예술학원,0.0,0.0,0.0,0.0,0.0,0.0,1.0
20261,R,전통시장,3130068,마장축산물시장,CS200005,스포츠 강습,1.0,1.0,0.0,0.0,0.0,0.0,0.0
20261,R,전통시장,3130068,마장축산물시장,CS200006,일반의원,2.0,2.0,0.0,0.0,0.0,0.0,0.0
20261,R,전통시장,3130068,마장축산물시장,CS200007,치과의원,2.0,2.0,0.0,0.0,0.0,0.0,0.0
20261,R,전통시장,3130068,마장축산물시장,CS200008,한의원,1.0,1.0,0.0,0.0,0.0,0.0,0.0
20261,R,전통시장,3130068,마장축산물시장,CS200014,회계사사무소,1.0,1.0,0.0,0.0,0.0,0.0,0.0
20261,R,전통시장,3130068,마장축산물시장,CS200015,세무사사무소,9.0,9.0,0.0,0.0,0.0,0.0,0.0
20261,R,전통시장,3130068,마장축산물시장,CS200016,당구장,1.0,1.0,0.0,0.0,0.0,0.0,0.0
20261,R,전통시장,3130068,마장축산물시장,CS200021,기타오락장,1.0,1.0,0.0,0.0,0.0,0.0,0.0
20261,R,전통시장,3130068,마장축산물시장,CS200022,복권방,1.0,1.0,0.0,0.0,0.0,0.0,0.0
20261,R,전통시장,3130068,마장축산물시장,CS200025,자동차수리,3.0,3.0,0.0,0.0,0.0,0.0,0.0
20261,R,전통시장,3130068,마장축산물시장,CS200027,모터사이클수리,2.0,2.0,0.0,0.0,0.0,0.0,0.0
20261,R,전통시장,3130068,마장축산물시장,CS200028,미용실,4.0,4.0,0.0,0.0,0.0,0.0,0.0
20261,R,전통시장,3130068,마장축산물시장,CS200030,피부관리실,1.0,1.0,0.0,0.0,0.0,0.0,0.0
20261,R,전통시장,3130068,마장축산물시장,CS200032,가전제품수리,2.0,2.0,0.0,0.0,0.0,0.0,0.0
20261,R,전통시장,3130068,마장축산물시장,CS200033,부동산중개업,4.0,4.0,0.0,0.0,0.0,0.0,0.0
20261,R,전통시장,3130068,마장축산물시장,CS200034,여관,3.0,3.0,0.0,0.0,0.0,0.0,0.0
20261,R,전통시장,3130068,마장축산물시장,CS200037,노래방,2.0,2.0,0.0,0.0,0.0,0.0,0.0
20261,R,전통시장,3130068,마장축산물시장,CS200041,사진관,1.0,1.0,0.0,0.0,0.0,0.0,0.0
20261,R,전통시장,3130068,마장축산물시장,CS200044,여행사,2.0,2.0,0.0,0.0,0.0,0.0,0.0
20261,R,전통시장,3130068,마장축산물시장,CS300001,슈퍼마켓,8.0,8.0,0.0,0.0,0.0,0.0,0.0
20261,R,전통시장,3130068,마장축산물시장,CS300002,편의점,6.0,2.0,4.0,17.0,1.0,0.0,0.0
20261,R,전통시장,3130068,마장축산물시장,CS300004,핸드폰,1.0,1.0,0.0,0.0,0.0,0.0,0.0
20261,R,전통시장,3130068,마장축산물시장,CS300006,미곡판매,1.0,1.0,0.0,0.0,0.0,0.0,0.0
20261,R,전통시장,3130068,마장축산물시장,CS300007,육류판매,1045.0,1045.0,0.0,0.0,3.0,1.0,11.0
20261,R,전통시장,3130068,마장축산물시장,CS300009,청과상,21.0,21.0,0.0,0.0,0.0,0.0,0.0
20261,R,전통시장,3130068,마장축산물시장,CS300010,반찬가게,5.0,5.0,0.0,0.0,0.0,0.0,0.0
20261,R,전통시장,3130068,마장축산물시장,CS300011,일반의류,2.0,2.0,0.0,0.0,0.0,0.0,0.0
20261,R,전통시장,3130068,마장축산물시장,CS300014,신발,1.0,1.0,0.0,0.0,0.0,0.0,0.0
20261,R,전통시장,3130068,마장축산물시장,CS300015,가방,1.0,1.0,0.0,0.0,0.0,0.0,0.0
20261,R,전통시장,3130068,마장축산물시장,CS300018,의약품,2.0,2.0,0.0,0.0,0.0,0.0,0.0
20261,R,전통시장,3130068,마장축산물시장,CS300019,의료기기,1.0,1.0,0.0,0.0,0.0,0.0,0.0
20261,R,전통시장,3130068,마장축산물시장,CS300021,문구,2.0,1.0,1.0,0.0,0.0,0.0,0.0
20261,R,전통시장,3130068,마장축산물시장,CS300022,화장품,3.0,2.0,1.0,0.0,0.0,0.0,0.0
20261,R,전통시장,3130068,마장축산물시장,CS300025,자전거 및 기타운송장비,2.0,2.0,0.0,0.0,0.0,0.0,0.0
20261,R,전통시장,3130068,마장축산물시장,CS300029,애완동물,2.0,2.0,0.0,0.0,0.0,0.0,0.0
20261,R,전통시장,3130068,마장축산물시장,CS300032,가전제품,2.0,2.0,0.0,0.0,0.0,0.0,0.0
20261,R,전통시장,3130068,마장축산물시장,CS300038,자동차부품,2.0,2.0,0.0,50.0,1.0,0.0,0.0
20261,R,전통시장,3130068,마장축산물시장,CS300039,모터사이클및부품,1.0,1.0,0.0,0.0,0.0,0.0,0.0
20261,R,전통시장,3130068,마장축산물시장,CS300041,예술품,1.0,1.0,0.0,0.0,0.0,0.0,0.0
20261,R,전통시장,3130068,마장축산물시장,CS300042,주유소,1.0,1.0,0.0,0.0,0.0,0.0,0.0
20261,R,전통시장,3130068,마장축산물시장,CS300043,전자상거래업,1.0,1.0,0.0,0.0,0.0,0.0,0.0
20261,R,전통시장,3130069,"한양대앞상점가(한양시장, 왕십리맛골목)",CS100001,한식음식점,74.0,63.0,11.0,4.0,3.0,3.0,2.0
20261,R,전통시장,3130069,"한양대앞상점가(한양시장, 왕십리맛골목)",CS100002,중식음식점,9.0,6.0,3.0,0.0,0.0,0.0,0.0
20261,R,전통시장,3130069,"한양대앞상점가(한양시장, 왕십리맛골목)",CS100003,일식음식점,5.0,3.0,2.0,0.0,0.0,20.0,1.0
20261,R,전통시장,3130069,"한양대앞상점가(한양시장, 왕십리맛골목)",CS100004,양식음식점,7.0,5.0,2.0,14.0,1.0,0.0,0.0
20261,R,전통시장,3130069,"한양대앞상점가(한양시장, 왕십리맛골목)",CS100005,제과점,2.0,2.0,0.0,0.0,0.0,0.0,0.0
20261,R,전통시장,3130069,"한양대앞상점가(한양시장, 왕십리맛골목)",CS100006,패스트푸드점,5.0,3.0,2.0,0.0,0.0,0.0,0.0
20261,R,전통시장,3130069,"한양대앞상점가(한양시장, 왕십리맛골목)",CS100007,치킨전문점,7.0,4.0,3.0,0.0,0.0,0.0,0.0
20261,R,전통시장,3130069,"한양대앞상점가(한양시장, 왕십리맛골목)",CS100008,분식전문점,12.0,9.0,3.0,25.0,3.0,8.0,1.0
20261,R,전통시장,3130069,"한양대앞상점가(한양시장, 왕십리맛골목)",CS100009,호프-간이주점,35.0,27.0,8.0,3.0,1.0,6.0,2.0
20261,R,전통시장,3130069,"한양대앞상점가(한양시장, 왕십리맛골목)",CS100010,커피-음료,17.0,10.0,7.0,0.0,0.0,0.0,0.0
20261,R,전통시장,3130069,"한양대앞상점가(한양시장, 왕십리맛골목)",CS200005,스포츠 강습,1.0,1.0,0.0,0.0,0.0,0.0,0.0
20261,R,전통시장,3130069,"한양대앞상점가(한양시장, 왕십리맛골목)",CS200006,일반의원,1.0,1.0,0.0,0.0,0.0,0.0,0.0
20261,R,전통시장,3130069,"한양대앞상점가(한양시장, 왕십리맛골목)",CS200008,한의원,1.0,1.0,0.0,0.0,0.0,0.0,0.0
20261,R,전통시장,3130069,"한양대앞상점가(한양시장, 왕십리맛골목)",CS200016,당구장,6.0,6.0,0.0,0.0,0.0,0.0,0.0
20261,R,전통시장,3130069,"한양대앞상점가(한양시장, 왕십리맛골목)",CS200019,PC방,5.0,4.0,1.0,0.0,0.0,0.0,0.0
20261,R,전통시장,3130069,"한양대앞상점가(한양시장, 왕십리맛골목)",CS200020,전자게임장,1.0,1.0,0.0,0.0,0.0,0.0,0.0
20261,R,전통시장,3130069,"한양대앞상점가(한양시장, 왕십리맛골목)",CS200021,기타오락장,2.0,2.0,0.0,0.0,0.0,50.0,1.0
20261,R,전통시장,3130069,"한양대앞상점가(한양시장, 왕십리맛골목)",CS200024,스포츠클럽,1.0,1.0,0.0,0.0,0.0,0.0,0.0
20261,R,전통시장,3130069,"한양대앞상점가(한양시장, 왕십리맛골목)",CS200028,미용실,3.0,3.0,0.0,0.0,0.0,0.0,0.0
20261,R,전통시장,3130069,"한양대앞상점가(한양시장, 왕십리맛골목)",CS200029,네일숍,2.0,2.0,0.0,0.0,0.0,0.0,0.0
20261,R,전통시장,3130069,"한양대앞상점가(한양시장, 왕십리맛골목)",CS200030,피부관리실,1.0,1.0,0.0,0.0,0.0,0.0,0.0
20261,R,전통시장,3130069,"한양대앞상점가(한양시장, 왕십리맛골목)",CS200033,부동산중개업,2.0,2.0,0.0,0.0,0.0,0.0,0.0
20261,R,전통시장,3130069,"한양대앞상점가(한양시장, 왕십리맛골목)",CS200034,여관,1.0,1.0,0.0,0.0,0.0,0.0,0.0
20261,R,전통시장,3130069,"한양대앞상점가(한양시장, 왕십리맛골목)",CS200036,고시원,1.0,1.0,0.0,0.0,0.0,0.0,0.0
20261,R,전통시장,3130069,"한양대앞상점가(한양시장, 왕십리맛골목)",CS200037,노래방,12.0,11.0,1.0,0.0,0.0,8.0,1.0
20261,R,전통시장,3130069,"한양대앞상점가(한양시장, 왕십리맛골목)",CS200038,독서실,1.0,1.0,0.0,0.0,0.0,0.0,0.0
20261,R,전통시장,3130069,"한양대앞상점가(한양시장, 왕십리맛골목)",CS200039,DVD방,2.0,2.0,0.0,0.0,0.0,0.0,0.0
20261,R,전통시장,3130069,"한양대앞상점가(한양시장, 왕십리맛골목)",CS200041,사진관,1.0,1.0,0.0,0.0,0.0,0.0,0.0
20261,R,전통시장,3130069,"한양대앞상점가(한양시장, 왕십리맛골목)",CS300001,슈퍼마켓,2.0,2.0,0.0,0.0,0.0,0.0,0.0
20261,R,전통시장,3130069,"한양대앞상점가(한양시장, 왕십리맛골목)",CS300002,편의점,4.0,2.0,2.0,0.0,0.0,0.0,0.0
20261,R,전통시장,3130069,"한양대앞상점가(한양시장, 왕십리맛골목)",CS300004,핸드폰,3.0,3.0,0.0,0.0,0.0,0.0,0.0
20261,R,전통시장,3130069,"한양대앞상점가(한양시장, 왕십리맛골목)",CS300006,미곡판매,1.0,1.0,0.0,0.0,0.0,0.0,0.0
20261,R,전통시장,3130069,"한양대앞상점가(한양시장, 왕십리맛골목)",CS300007,육류판매,1.0,1.0,0.0,0.0,0.0,0.0,0.0
20261,R,전통시장,3130069,"한양대앞상점가(한양시장, 왕십리맛골목)",CS300009,청과상,1.0,1.0,0.0,0.0,0.0,0.0,0.0
20261,R,전통시장,3130069,"한양대앞상점가(한양시장, 왕십리맛골목)",CS300010,반찬가게,1.0,1.0,0.0,0.0,0.0,0.0,0.0
20261,R,전통시장,3130069,"한양대앞상점가(한양시장, 왕십리맛골목)",CS300011,일반의류,3.0,3.0,0.0,0.0,0.0,0.0,0.0
20261,R,전통시장,3130069,"한양대앞상점가(한양시장, 왕십리맛골목)",CS300016,안경,1.0,0.0,1.0,0.0,0.0,0.0,0.0
20261,R,전통시장,3130069,"한양대앞상점가(한양시장, 왕십리맛골목)",CS300018,의약품,1.0,1.0,0.0,0.0,0.0,0.0,0.0
20261,R,전통시장,3130069,"한양대앞상점가(한양시장, 왕십리맛골목)",CS300027,섬유제품,1.0,1.0,0.0,0.0,0.0,0.0,0.0
20261,R,전통시장,3130070,뚝섬역상점가,CS100001,한식음식점,39.0,34.0,5.0,0.0,0.0,0.0,0.0
20261,R,전통시장,3130070,뚝섬역상점가,CS100002,중식음식점,3.0,3.0,0.0,0.0,0.0,0.0,0.0
20261,R,전통시장,3130070,뚝섬역상점가,CS100003,일식음식점,3.0,3.0,0.0,0.0,0.0,0.0,0.0
20261,R,전통시장,3130070,뚝섬역상점가,CS100004,양식음식점,7.0,7.0,0.0,0.0,0.0,0.0,0.0
20261,R,전통시장,3130070,뚝섬역상점가,CS100005,제과점,4.0,4.0,0.0,0.0,0.0,25.0,1.0
20261,R,전통시장,3130070,뚝섬역상점가,CS100006,패스트푸드점,3.0,2.0,1.0,0.0,0.0,0.0,0.0
20261,R,전통시장,3130070,뚝섬역상점가,CS100007,치킨전문점,5.0,0.0,5.0,0.0,0.0,0.0,0.0
20261,R,전통시장,3130070,뚝섬역상점가,CS100008,분식전문점,7.0,4.0,3.0,0.0,0.0,0.0,0.0
20261,R,전통시장,3130070,뚝섬역상점가,CS100009,호프-간이주점,6.0,5.0,1.0,0.0,0.0,0.0,0.0
20261,R,전통시장,3130070,뚝섬역상점가,CS100010,커피-음료,25.0,19.0,6.0,0.0,0.0,0.0,0.0
20261,R,전통시장,3130070,뚝섬역상점가,CS200001,일반교습학원,14.0,14.0,0.0,7.0,1.0,0.0,0.0
20261,R,전통시장,3130070,뚝섬역상점가,CS200002,외국어학원,4.0,4.0,0.0,0.0,0.0,0.0,0.0
20261,R,전통시장,3130070,뚝섬역상점가,CS200003,예술학원,6.0,6.0,0.0,0.0,0.0,0.0,0.0
20261,R,전통시장,3130070,뚝섬역상점가,CS200005,스포츠 강습,5.0,5.0,0.0,0.0,0.0,0.0,0.0
20261,R,전통시장,3130070,뚝섬역상점가,CS200006,일반의원,8.0,8.0,0.0,0.0,0.0,0.0,0.0
20261,R,전통시장,3130070,뚝섬역상점가,CS200007,치과의원,4.0,4.0,0.0,25.0,1.0,25.0,1.0
20261,R,전통시장,3130070,뚝섬역상점가,CS200008,한의원,3.0,3.0,0.0,0.0,0.0,0.0,0.0
20261,R,전통시장,3130070,뚝섬역상점가,CS200011,변리사사무소,1.0,1.0,0.0,0.0,0.0,0.0,0.0
20261,R,전통시장,3130070,뚝섬역상점가,CS200012,법무사사무소,1.0,1.0,0.0,0.0,0.0,0.0,0.0
20261,R,전통시장,3130070,뚝섬역상점가,CS200014,회계사사무소,1.0,1.0,0.0,0.0,0.0,0.0,0.0
20261,R,전통시장,3130070,뚝섬역상점가,CS200015,세무사사무소,6.0,6.0,0.0,0.0,0.0,0.0,0.0
20261,R,전통시장,3130070,뚝섬역상점가,CS200016,당구장,3.0,3.0,0.0,0.0,0.0,0.0,0.0
20261,R,전통시장,3130070,뚝섬역상점가,CS200017,골프연습장,1.0,1.0,0.0,0.0,0.0,0.0,0.0
20261,R,전통시장,3130070,뚝섬역상점가,CS200019,PC방,3.0,2.0,1.0,0.0,0.0,0.0,0.0
20261,R,전통시장,3130070,뚝섬역상점가,CS200021,기타오락장,1.0,1.0,0.0,0.0,0.0,0.0,0.0
20261,R,전통시장,3130070,뚝섬역상점가,CS200024,스포츠클럽,9.0,9.0,0.0,0.0,0.0,0.0,0.0
20261,R,전통시장,3130070,뚝섬역상점가,CS200025,자동차수리,2.0,2.0,0.0,0.0,0.0,0.0,0.0
20261,R,전통시장,3130070,뚝섬역상점가,CS200026,자동차미용,2.0,2.0,0.0,0.0,0.0,0.0,0.0
20261,R,전통시장,3130070,뚝섬역상점가,CS200028,미용실,17.0,17.0,0.0,0.0,0.0,0.0,0.0
20261,R,전통시장,3130070,뚝섬역상점가,CS200029,네일숍,6.0,6.0,0.0,0.0,0.0,0.0,0.0
20261,R,전통시장,3130070,뚝섬역상점가,CS200030,피부관리실,7.0,7.0,0.0,0.0,0.0,0.0,0.0
20261,R,전통시장,3130070,뚝섬역상점가,CS200031,세탁소,6.0,5.0,1.0,0.0,0.0,17.0,1.0
20261,R,전통시장,3130070,뚝섬역상점가,CS200033,부동산중개업,23.0,23.0,0.0,0.0,0.0,0.0,0.0
20261,R,전통시장,3130070,뚝섬역상점가,CS200034,여관,1.0,1.0,0.0,0.0,0.0,0.0,0.0
20261,R,전통시장,3130070,뚝섬역상점가,CS200037,노래방,3.0,3.0,0.0,0.0,0.0,0.0,0.0
20261,R,전통시장,3130070,뚝섬역상점가,CS200038,독서실,4.0,3.0,1.0,0.0,0.0,0.0,0.0
20261,R,전통시장,3130070,뚝섬역상점가,CS200040,녹음실,1.0,1.0,0.0,0.0,0.0,0.0,0.0
20261,R,전통시장,3130070,뚝섬역상점가,CS200041,사진관,4.0,4.0,0.0,0.0,0.0,0.0,0.0
20261,R,전통시장,3130070,뚝섬역상점가,CS200044,여행사,2.0,2.0,0.0,0.0,0.0,0.0,0.0
20261,R,전통시장,3130070,뚝섬역상점가,CS300001,슈퍼마켓,6.0,5.0,1.0,0.0,0.0,0.0,0.0
20261,R,전통시장,3130070,뚝섬역상점가,CS300002,편의점,6.0,3.0,3.0,0.0,0.0,0.0,0.0
20261,R,전통시장,3130070,뚝섬역상점가,CS300003,컴퓨터및주변장치판매,12.0,12.0,0.0,0.0,0.0,0.0,0.0
20261,R,전통시장,3130070,뚝섬역상점가,CS300004,핸드폰,4.0,4.0,0.0,0.0,0.0,0.0,0.0
20261,R,전통시장,3130070,뚝섬역상점가,CS300007,육류판매,5.0,5.0,0.0,0.0,0.0,0.0,0.0
20261,R,전통시장,3130070,뚝섬역상점가,CS300009,청과상,2.0,2.0,0.0,0.0,0.0,50.0,1.0
20261,R,전통시장,3130070,뚝섬역상점가,CS300010,반찬가게,9.0,8.0,1.0,0.0,0.0,0.0,0.0
20261,R,전통시장,3130070,뚝섬역상점가,CS300011,일반의류,11.0,11.0,0.0,0.0,0.0,9.0,1.0
20261,R,전통시장,3130070,뚝섬역상점가,CS300014,신발,4.0,4.0,0.0,0.0,0.0,0.0,0.0
20261,R,전통시장,3130070,뚝섬역상점가,CS300016,안경,2.0,2.0,0.0,0.0,0.0,0.0,0.0
20261,R,전통시장,3130070,뚝섬역상점가,CS300017,시계및귀금속,1.0,1.0,0.0,0.0,0.0,0.0,0.0
20261,R,전통시장,3130070,뚝섬역상점가,CS300018,의약품,4.0,4.0,0.0,0.0,0.0,0.0,0.0
20261,R,전통시장,3130070,뚝섬역상점가,CS300019,의료기기,6.0,6.0,0.0,0.0,0.0,0.0,0.0
20261,R,전통시장,3130070,뚝섬역상점가,CS300020,서적,2.0,2.0,0.0,0.0,0.0,0.0,0.0
20261,R,전통시장,3130070,뚝섬역상점가,CS300021,문구,4.0,2.0,2.0,0.0,0.0,0.0,0.0
20261,R,전통시장,3130070,뚝섬역상점가,CS300022,화장품,8.0,8.0,0.0,0.0,0.0,0.0,0.0
20261,R,전통시장,3130070,뚝섬역상점가,CS300024,운동/경기용품,3.0,3.0,0.0,0.0,0.0,0.0,0.0
20261,R,전통시장,3130070,뚝섬역상점가,CS300026,완구,1.0,1.0,0.0,0.0,0.0,0.0,0.0
20261,R,전통시장,3130070,뚝섬역상점가,CS300027,섬유제품,4.0,4.0,0.0,0.0,0.0,0.0,0.0
20261,R,전통시장,3130070,뚝섬역상점가,CS300028,화초,7.0,7.0,0.0,0.0,0.0,0.0,0.0
20261,R,전통시장,3130070,뚝섬역상점가,CS300029,애완동물,1.0,1.0,0.0,0.0,0.0,0.0,0.0
20261,R,전통시장,3130070,뚝섬역상점가,CS300031,가구,1.0,1.0,0.0,0.0,0.0,0.0,0.0
20261,R,전통시장,3130070,뚝섬역상점가,CS300032,가전제품,1.0,1.0,0.0,0.0,0.0,0.0,0.0
20261,R,전통시장,3130070,뚝섬역상점가,CS300033,철물점,1.0,1.0,0.0,0.0,0.0,0.0,0.0
20261,R,전통시장,3130070,뚝섬역상점가,CS300034,악기,1.0,1.0,0.0,100.0,1.0,0.0,0.0
20261,R,전통시장,3130070,뚝섬역상점가,CS300035,인테리어,4.0,4.0,0.0,0.0,0.0,0.0,0.0
20261,R,전통시장,3130070,뚝섬역상점가,CS300036,조명용품,7.0,7.0,0.0,0.0,0.0,0.0,0.0
20261,R,전통시장,3130070,뚝섬역상점가,CS300038,자동차부품,2.0,2.0,0.0,0.0,0.0,0.0,0.0
20261,R,전통시장,3130070,뚝섬역상점가,CS300040,재생용품 판매점,1.0,1.0,0.0,0.0,0.0,0.0,0.0
20261,R,전통시장,3130070,뚝섬역상점가,CS300041,예술품,1.0,1.0,0.0,0.0,0.0,0.0,0.0
20261,R,전통시장,3130070,뚝섬역상점가,CS300043,전자상거래업,7.0,7.0,0.0,0.0,0.0,14.0,1.0
20261,R,전통시장,3130071,성수역 골목형상점가,CS100001,한식음식점,11.0,9.0,2.0,9.0,1.0,0.0,0.0
20261,R,전통시장,3130071,성수역 골목형상점가,CS100002,중식음식점,2.0,1.0,1.0,0.0,0.0,0.0,0.0
20261,R,전통시장,3130071,성수역 골목형상점가,CS100004,양식음식점,1.0,1.0,0.0,0.0,0.0,0.0,0.0
20261,R,전통시장,3130071,성수역 골목형상점가,CS100006,패스트푸드점,1.0,0.0,1.0,0.0,0.0,0.0,0.0
20261,R,전통시장,3130071,성수역 골목형상점가,CS100010,커피-음료,2.0,1.0,1.0,0.0,0.0,0.0,0.0
20261,R,전통시장,3130071,성수역 골목형상점가,CS200004,컴퓨터학원,1.0,1.0,0.0,0.0,0.0,0.0,0.0
20261,R,전통시장,3130071,성수역 골목형상점가,CS200006,일반의원,1.0,1.0,0.0,0.0,0.0,0.0,0.0
20261,R,전통시장,3130071,성수역 골목형상점가,CS200007,치과의원,1.0,1.0,0.0,0.0,0.0,0.0,0.0
20261,R,전통시장,3130071,성수역 골목형상점가,CS200013,기타법무서비스,1.0,1.0,0.0,0.0,0.0,0.0,0.0
20261,R,전통시장,3130071,성수역 골목형상점가,CS200015,세무사사무소,4.0,4.0,0.0,0.0,0.0,0.0,0.0
20261,R,전통시장,3130071,성수역 골목형상점가,CS200024,스포츠클럽,1.0,1.0,0.0,0.0,0.0,0.0,0.0
20261,R,전통시장,3130071,성수역 골목형상점가,CS200028,미용실,1.0,1.0,0.0,0.0,0.0,0.0,0.0
20261,R,전통시장,3130071,성수역 골목형상점가,CS200030,피부관리실,2.0,2.0,0.0,0.0,0.0,0.0,0.0
20261,R,전통시장,3130071,성수역 골목형상점가,CS200033,부동산중개업,2.0,2.0,0.0,0.0,0.0,0.0,0.0
20261,R,전통시장,3130071,성수역 골목형상점가,CS200040,녹음실,2.0,2.0,0.0,0.0,0.0,0.0,0.0
20261,R,전통시장,3130071,성수역 골목형상점가,CS200041,사진관,1.0,1.0,0.0,0.0,0.0,0.0,0.0
20261,R,전통시장,3130071,성수역 골목형상점가,CS200042,통번역서비스,1.0,1.0,0.0,0.0,0.0,0.0,0.0
20261,R,전통시장,3130071,성수역 골목형상점가,CS200043,건축물청소,1.0,1.0,0.0,0.0,0.0,0.0,0.0
20261,R,전통시장,3130071,성수역 골목형상점가,CS200047,가정용품임대,1.0,1.0,0.0,0.0,0.0,0.0,0.0
20261,R,전통시장,3130071,성수역 골목형상점가,CS300002,편의점,1.0,0.0,1.0,0.0,0.0,0.0,0.0
20261,R,전통시장,3130071,성수역 골목형상점가,CS300003,컴퓨터및주변장치판매,2.0,2.0,0.0,0.0,0.0,0.0,0.0
20261,R,전통시장,3130071,성수역 골목형상점가,CS300011,일반의류,12.0,12.0,0.0,0.0,0.0,0.0,0.0
20261,R,전통시장,3130071,성수역 골목형상점가,CS300014,신발,1.0,1.0,0.0,0.0,0.0,0.0,0.0
20261,R,전통시장,3130071,성수역 골목형상점가,CS300015,가방,1.0,1.0,0.0,0.0,0.0,0.0,0.0
20261,R,전통시장,3130071,성수역 골목형상점가,CS300017,시계및귀금속,1.0,1.0,0.0,0.0,0.0,0.0,0.0
20261,R,전통시장,3130071,성수역 골목형상점가,CS300018,의약품,1.0,1.0,0.0,0.0,0.0,0.0,0.0
20261,R,전통시장,3130071,성수역 골목형상점가,CS300019,의료기기,2.0,2.0,0.0,0.0,0.0,0.0,0.0
20261,R,전통시장,3130071,성수역 골목형상점가,CS300020,서적,1.0,1.0,0.0,0.0,0.0,0.0,0.0
20261,R,전통시장,3130071,성수역 골목형상점가,CS300022,화장품,3.0,3.0,0.0,0.0,0.0,0.0,0.0
20261,R,전통시장,3130071,성수역 골목형상점가,CS300024,운동/경기용품,2.0,2.0,0.0,0.0,0.0,0.0,0.0
20261,R,전통시장,3130071,성수역 골목형상점가,CS300031,가구,2.0,2.0,0.0,50.0,1.0,0.0,0.0
20261,R,전통시장,3130071,성수역 골목형상점가,CS300032,가전제품,1.0,1.0,0.0,0.0,0.0,0.0,0.0
20261,R,전통시장,3130071,성수역 골목형상점가,CS300033,철물점,1.0,1.0,0.0,0.0,0.0,0.0,0.0
20261,R,전통시장,3130071,성수역 골목형상점가,CS300038,자동차부품,1.0,1.0,0.0,0.0,0.0,0.0,0.0
20261,R,전통시장,3130072,성동용답상가시장,CS100001,한식음식점,68.0,60.0,8.0,3.0,2.0,6.0,4.0
20261,R,전통시장,3130072,성동용답상가시장,CS100002,중식음식점,7.0,7.0,0.0,14.0,1.0,0.0,0.0
20261,R,전통시장,3130072,성동용답상가시장,CS100003,일식음식점,5.0,5.0,0.0,0.0,0.0,0.0,0.0
20261,R,전통시장,3130072,성동용답상가시장,CS100004,양식음식점,2.0,2.0,0.0,0.0,0.0,0.0,0.0
20261,R,전통시장,3130072,성동용답상가시장,CS100005,제과점,3.0,2.0,1.0,0.0,0.0,0.0,0.0
20261,R,전통시장,3130072,성동용답상가시장,CS100006,패스트푸드점,2.0,0.0,2.0,0.0,0.0,0.0,0.0
20261,R,전통시장,3130072,성동용답상가시장,CS100007,치킨전문점,6.0,3.0,3.0,0.0,0.0,0.0,0.0
20261,R,전통시장,3130072,성동용답상가시장,CS100008,분식전문점,12.0,8.0,4.0,8.0,1.0,8.0,1.0
20261,R,전통시장,3130072,성동용답상가시장,CS100009,호프-간이주점,19.0,16.0,3.0,0.0,0.0,0.0,0.0
20261,R,전통시장,3130072,성동용답상가시장,CS100010,커피-음료,18.0,11.0,7.0,0.0,0.0,0.0,0.0
20261,R,전통시장,3130072,성동용답상가시장,CS200001,일반교습학원,7.0,7.0,0.0,0.0,0.0,0.0,0.0
20261,R,전통시장,3130072,성동용답상가시장,CS200003,예술학원,2.0,2.0,0.0,0.0,0.0,0.0,0.0
20261,R,전통시장,3130072,성동용답상가시장,CS200005,스포츠 강습,1.0,1.0,0.0,0.0,0.0,0.0,0.0
20261,R,전통시장,3130072,성동용답상가시장,CS200006,일반의원,9.0,9.0,0.0,11.0,1.0,0.0,0.0
20261,R,전통시장,3130072,성동용답상가시장,CS200007,치과의원,4.0,4.0,0.0,0.0,0.0,0.0,0.0
20261,R,전통시장,3130072,성동용답상가시장,CS200008,한의원,4.0,4.0,0.0,0.0,0.0,0.0,0.0
20261,R,전통시장,3130072,성동용답상가시장,CS200016,당구장,3.0,3.0,0.0,0.0,0.0,0.0,0.0
20261,R,전통시장,3130072,성동용답상가시장,CS200019,PC방,2.0,2.0,0.0,0.0,0.0,0.0,0.0
20261,R,전통시장,3130072,성동용답상가시장,CS200022,복권방,3.0,3.0,0.0,0.0,0.0,0.0,0.0
20261,R,전통시장,3130072,성동용답상가시장,CS200023,통신기기수리,1.0,1.0,0.0,0.0,0.0,0.0,0.0
20261,R,전통시장,3130072,성동용답상가시장,CS200025,자동차수리,1.0,1.0,0.0,0.0,0.0,0.0,0.0
20261,R,전통시장,3130072,성동용답상가시장,CS200028,미용실,14.0,13.0,1.0,7.0,1.0,0.0,0.0
20261,R,전통시장,3130072,성동용답상가시장,CS200029,네일숍,3.0,3.0,0.0,0.0,0.0,0.0,0.0
20261,R,전통시장,3130072,성동용답상가시장,CS200030,피부관리실,2.0,2.0,0.0,0.0,0.0,0.0,0.0
20261,R,전통시장,3130072,성동용답상가시장,CS200031,세탁소,3.0,3.0,0.0,0.0,0.0,0.0,0.0
20261,R,전통시장,3130072,성동용답상가시장,CS200032,가전제품수리,3.0,3.0,0.0,0.0,0.0,0.0,0.0
20261,R,전통시장,3130072,성동용답상가시장,CS200033,부동산중개업,19.0,19.0,0.0,0.0,0.0,0.0,0.0
20261,R,전통시장,3130072,성동용답상가시장,CS200037,노래방,9.0,8.0,1.0,0.0,0.0,0.0,0.0
20261,R,전통시장,3130072,성동용답상가시장,CS200038,독서실,1.0,1.0,0.0,0.0,0.0,0.0,0.0
20261,R,전통시장,3130072,성동용답상가시장,CS200041,사진관,1.0,1.0,0.0,0.0,0.0,0.0,0.0
20261,R,전통시장,3130072,성동용답상가시장,CS200043,건축물청소,4.0,4.0,0.0,0.0,0.0,0.0,0.0
20261,R,전통시장,3130072,성동용답상가시장,CS200044,여행사,3.0,3.0,0.0,0.0,0.0,0.0,0.0
20261,R,전통시장,3130072,성동용답상가시장,CS300001,슈퍼마켓,9.0,8.0,1.0,0.0,0.0,11.0,1.0
20261,R,전통시장,3130072,성동용답상가시장,CS300002,편의점,3.0,0.0,3.0,0.0,0.0,0.0,0.0
20261,R,전통시장,3130072,성동용답상가시장,CS300003,컴퓨터및주변장치판매,2.0,2.0,0.0,0.0,0.0,0.0,0.0
20261,R,전통시장,3130072,성동용답상가시장,CS300004,핸드폰,6.0,6.0,0.0,0.0,0.0,0.0,0.0
20261,R,전통시장,3130072,성동용답상가시장,CS300006,미곡판매,3.0,3.0,0.0,0.0,0.0,0.0,0.0
20261,R,전통시장,3130072,성동용답상가시장,CS300007,육류판매,6.0,6.0,0.0,0.0,0.0,0.0,0.0
20261,R,전통시장,3130072,성동용답상가시장,CS300008,수산물판매,3.0,3.0,0.0,0.0,0.0,0.0,0.0
20261,R,전통시장,3130072,성동용답상가시장,CS300009,청과상,6.0,6.0,0.0,0.0,0.0,0.0,0.0
20261,R,전통시장,3130072,성동용답상가시장,CS300010,반찬가게,3.0,3.0,0.0,0.0,0.0,0.0,0.0
20261,R,전통시장,3130072,성동용답상가시장,CS300011,일반의류,12.0,12.0,0.0,0.0,0.0,0.0,0.0
20261,R,전통시장,3130072,성동용답상가시장,CS300015,가방,2.0,2.0,0.0,0.0,0.0,0.0,0.0
20261,R,전통시장,3130072,성동용답상가시장,CS300016,안경,1.0,0.0,1.0,0.0,0.0,0.0,0.0
20261,R,전통시장,3130072,성동용답상가시장,CS300017,시계및귀금속,3.0,3.0,0.0,0.0,0.0,0.0,0.0
20261,R,전통시장,3130072,성동용답상가시장,CS300018,의약품,6.0,5.0,1.0,0.0,0.0,0.0,0.0
20261,R,전통시장,3130072,성동용답상가시장,CS300019,의료기기,1.0,1.0,0.0,0.0,0.0,0.0,0.0
20261,R,전통시장,3130072,성동용답상가시장,CS300020,서적,1.0,1.0,0.0,0.0,0.0,0.0,0.0
20261,R,전통시장,3130072,성동용답상가시장,CS300021,문구,1.0,1.0,0.0,0.0,0.0,0.0,0.0
20261,R,전통시장,3130072,성동용답상가시장,CS300022,화장품,6.0,4.0,2.0,0.0,0.0,17.0,1.0
20261,R,전통시장,3130072,성동용답상가시장,CS300027,섬유제품,1.0,1.0,0.0,0.0,0.0,0.0,0.0
20261,R,전통시장,3130072,성동용답상가시장,CS300028,화초,4.0,4.0,0.0,0.0,0.0,0.0,0.0
20261,R,전통시장,3130072,성동용답상가시장,CS300029,애완동물,2.0,2.0,0.0,0.0,0.0,0.0,0.0
20261,R,전통시장,3130072,성동용답상가시장,CS300032,가전제품,2.0,2.0,0.0,0.0,0.0,0.0,0.0
20261,R,전통시장,3130072,성동용답상가시장,CS300035,인테리어,3.0,3.0,0.0,0.0,0.0,0.0,0.0
20261,R,전통시장,3130072,성동용답상가시장,CS300036,조명용품,1.0,1.0,0.0,0.0,0.0,0.0,0.0
20261,R,전통시장,3130072,성동용답상가시장,CS300037,중고차판매,1.0,1.0,0.0,0.0,0.0,0.0,0.0
20261,R,전통시장,3130072,성동용답상가시장,CS300038,자동차부품,1.0,1.0,0.0,0.0,0.0,0.0,0.0
20261,R,전통시장,3130072,성동용답상가시장,CS300043,전자상거래업,8.0,8.0,0.0,0.0,0.0,13.0,1.0
20261,R,전통시장,3130073,뚝도시장,CS100001,한식음식점,51.0,50.0,1.0,0.0,0.0,2.0,1.0
20261,R,전통시장,3130073,뚝도시장,CS100002,중식음식점,1.0,1.0,0.0,0.0,0.0,0.0,0.0
20261,R,전통시장,3130073,뚝도시장,CS100003,일식음식점,5.0,5.0,0.0,0.0,0.0,0.0,0.0
20261,R,전통시장,3130073,뚝도시장,CS100004,양식음식점,4.0,4.0,0.0,0.0,0.0,25.0,1.0
20261,R,전통시장,3130073,뚝도시장,CS100005,제과점,2.0,2.0,0.0,50.0,1.0,0.0,0.0
20261,R,전통시장,3130073,뚝도시장,CS100006,패스트푸드점,1.0,1.0,0.0,100.0,1.0,0.0,0.0
20261,R,전통시장,3130073,뚝도시장,CS100007,치킨전문점,8.0,6.0,2.0,13.0,1.0,13.0,1.0
20261,R,전통시장,3130073,뚝도시장,CS100008,분식전문점,13.0,13.0,0.0,8.0,1.0,0.0,0.0
20261,R,전통시장,3130073,뚝도시장,CS100009,호프-간이주점,12.0,11.0,1.0,17.0,2.0,0.0,0.0
20261,R,전통시장,3130073,뚝도시장,CS100010,커피-음료,7.0,7.0,0.0,14.0,1.0,0.0,0.0
20261,R,전통시장,3130073,뚝도시장,CS200001,일반교습학원,2.0,2.0,0.0,0.0,0.0,0.0,0.0
20261,R,전통시장,3130073,뚝도시장,CS200005,스포츠 강습,2.0,2.0,0.0,0.0,0.0,0.0,0.0
20261,R,전통시장,3130073,뚝도시장,CS200006,일반의원,2.0,2.0,0.0,0.0,0.0,50.0,1.0
20261,R,전통시장,3130073,뚝도시장,CS200007,치과의원,2.0,2.0,0.0,0.0,0.0,0.0,0.0
20261,R,전통시장,3130073,뚝도시장,CS200016,당구장,1.0,1.0,0.0,0.0,0.0,0.0,0.0
20261,R,전통시장,3130073,뚝도시장,CS200022,복권방,1.0,1.0,0.0,0.0,0.0,0.0,0.0
20261,R,전통시장,3130073,뚝도시장,CS200025,자동차수리,1.0,1.0,0.0,0.0,0.0,0.0,0.0
20261,R,전통시장,3130073,뚝도시장,CS200026,자동차미용,1.0,1.0,0.0,0.0,0.0,0.0,0.0
20261,R,전통시장,3130073,뚝도시장,CS200028,미용실,5.0,4.0,1.0,0.0,0.0,0.0,0.0
20261,R,전통시장,3130073,뚝도시장,CS200031,세탁소,2.0,2.0,0.0,0.0,0.0,0.0,0.0
20261,R,전통시장,3130073,뚝도시장,CS200032,가전제품수리,1.0,1.0,0.0,100.0,1.0,0.0,0.0
20261,R,전통시장,3130073,뚝도시장,CS200033,부동산중개업,12.0,12.0,0.0,0.0,0.0,0.0,0.0
20261,R,전통시장,3130073,뚝도시장,CS200037,노래방,3.0,3.0,0.0,0.0,0.0,0.0,0.0
20261,R,전통시장,3130073,뚝도시장,CS200041,사진관,1.0,1.0,0.0,0.0,0.0,0.0,0.0
20261,R,전통시장,3130073,뚝도시장,CS300001,슈퍼마켓,5.0,4.0,1.0,0.0,0.0,0.0,0.0
20261,R,전통시장,3130073,뚝도시장,CS300004,핸드폰,4.0,4.0,0.0,0.0,0.0,0.0,0.0
20261,R,전통시장,3130073,뚝도시장,CS300007,육류판매,1.0,1.0,0.0,0.0,0.0,0.0,0.0
20261,R,전통시장,3130073,뚝도시장,CS300008,수산물판매,3.0,3.0,0.0,0.0,0.0,0.0,0.0
20261,R,전통시장,3130073,뚝도시장,CS300009,청과상,7.0,7.0,0.0,0.0,0.0,0.0,0.0
20261,R,전통시장,3130073,뚝도시장,CS300010,반찬가게,8.0,8.0,0.0,0.0,0.0,0.0,0.0
20261,R,전통시장,3130073,뚝도시장,CS300011,일반의류,10.0,10.0,0.0,0.0,0.0,0.0,0.0
20261,R,전통시장,3130073,뚝도시장,CS300012,한복점,2.0,2.0,0.0,0.0,0.0,0.0,0.0
20261,R,전통시장,3130073,뚝도시장,CS300014,신발,4.0,4.0,0.0,25.0,1.0,0.0,0.0
20261,R,전통시장,3130073,뚝도시장,CS300017,시계및귀금속,3.0,3.0,0.0,0.0,0.0,0.0,0.0
20261,R,전통시장,3130073,뚝도시장,CS300018,의약품,3.0,3.0,0.0,0.0,0.0,0.0,0.0
20261,R,전통시장,3130073,뚝도시장,CS300022,화장품,1.0,1.0,0.0,0.0,0.0,0.0,0.0
20261,R,전통시장,3130073,뚝도시장,CS300023,미용재료,3.0,3.0,0.0,0.0,0.0,0.0,0.0
20261,R,전통시장,3130073,뚝도시장,CS300027,섬유제품,2.0,2.0,0.0,0.0,0.0,50.0,1.0
20261,R,전통시장,3130073,뚝도시장,CS300029,애완동물,5.0,5.0,0.0,0.0,0.0,0.0,0.0
20261,R,전통시장,3130073,뚝도시장,CS300031,가구,1.0,1.0,0.0,0.0,0.0,0.0,0.0
20261,R,전통시장,3130073,뚝도시장,CS300032,가전제품,1.0,1.0,0.0,0.0,0.0,0.0,0.0
20261,R,전통시장,3130073,뚝도시장,CS300033,철물점,1.0,1.0,0.0,0.0,0.0,0.0,0.0
20261,R,전통시장,3130073,뚝도시장,CS300034,악기,1.0,1.0,0.0,0.0,0.0,0.0,0.0
20261,R,전통시장,3130073,뚝도시장,CS300036,조명용품,1.0,1.0,0.0,0.0,0.0,0.0,0.0
20261,R,전통시장,3130073,뚝도시장,CS300038,자동차부품,1.0,1.0,0.0,0.0,0.0,0.0,0.0
20261,R,전통시장,3130073,뚝도시장,CS300039,모터사이클및부품,1.0,1.0,0.0,0.0,0.0,0.0,0.0
